รหัสสถานี,ชื่อผู้ได้รับใบอนุญาต,ชื่อสถานี,ความถี่,ประเภทบริการ/กิจการ,สถานะใบอนุญาต ปี 2567 (eBcs),อำเภอ,จังหวัด,ละติจูด,ลองจิจูด,ตรวจสอบมาตรฐาน 2566 ,ตรวจสอบมาตรฐาน 2567 ,ตรวจการแพร่แปลกปลอม ,ยื่นคำขอ 10/1/68   ,หมายเหตุ
05540072,ห้างหุ้นส่วนจำกัด ลาดใหญ่เรดิโอ,นิวเรดิโอ,87.75,บริการธุรกิจ,ได้รับอนุญาต,เมืองชัยภูมิ,ชัยภูมิ,15.794736,102.193047,ตรงตามมาตรฐาน,ตรงตามมาตรฐาน,ตรวจปี 2567 แล้ว,2567-12-11 00:00:00,
05520463,ห้างหุ้นส่วนจำกัด วิทยุเมืองเก่า,เมืองเก่า,87.75,บริการธุรกิจ,ได้รับอนุญาต,เกษตรสมบูรณ์,ชัยภูมิ,16.281654,101.924068,,ตรงตามมาตรฐาน,ตรวจปี 2567 แล้ว,2567-12-17 00:00:00,
05520448,วัดเทพโพธิ์ทอง,วัดเทพโพธิ์ทอง,87.75,บริการสาธารณะ,ได้รับอนุญาต,เทพสถิต,ชัยภูมิ,15.376394,101.43346,,ตรงตามมาตรฐาน,ตรวจปี 2567 แล้ว,2567-11-20 00:00:00,
05520452,บริษัท เกรท ซาวด์ มาร์เก็ตติ้ง จำกัด,ลูกทุ่ง ไทบำเหน็จ,88.0,บริการธุรกิจ,ได้รับอนุญาต,บำเหน็จณรงค์,ชัยภูมิ,15.462473,101.713328,,ตรงตามมาตรฐาน,ตรวจปี 2567 แล้ว,2567-12-10 00:00:00,
05520398,ห้างหุ้นส่วนจำกัด ไทยซีคอน,คนระเหวฯเฉลิมพระเกียรติ,88.0,บริการธุรกิจ,ได้รับอนุญาต,หนองบัวระเหว,ชัยภูมิ,15.738608,101.771747,,,ยังไม่ตรวจ,2567-12-26 00:00:00,
05520478,ห้างหุ้นส่วนจำกัด เต๋าโคกสว่าง เรดิโอ,เสียงจากประชาชนคนท้องถิ่น,88.25,บริการธุรกิจ,ได้รับอนุญาต,บำเหน็จณรงค์,ชัยภูมิ,15.456525,101.716622,,ตรงตามมาตรฐาน,ตรวจปี 2567 แล้ว,2567-12-23 00:00:00,
05520469,ห้างหุ้นส่วนจำกัด พูชัย ซัพพลายเออร์,ลูกทุ่งไทยแลนด์,88.5,บริการธุรกิจ,ได้รับอนุญาต,แก้งคร้อ,ชัยภูมิ,16.106686,102.105742,ตรงตามมาตรฐาน,ตรงตามมาตรฐาน,ตรวจปี 2567 แล้ว,2567-11-28 00:00:00,
05520414,กลุ่มคนชมรมคนรักษ์บ้านเกิด,วิทยุชมรมคนรักษ์บ้านเกิด,89.25,บริการชุมชน,ได้รับอนุญาต,ภูเขียว,ชัยภูมิ,16.296593,102.261397,ตรงตามมาตรฐาน,,ตรวจปี 2567 แล้ว,2567-11-12 00:00:00,
05520407,ห้างหุ้นส่วนจำกัด สุระธนอนันต์ ธุรกิจ,คนบ้านเล่าสัมพันธ์,89.5,บริการธุรกิจ,ได้รับอนุญาต,เมืองชัยภูมิ,ชัยภูมิ,15.851064,102.068533,ตรงตามมาตรฐาน,,ตรวจปี 2567 แล้ว,2567-12-13 00:00:00,
05520482,ห้างหุ้นส่วนจำกัด ไทยซีคอน,หนองบัวระเหว เรดิโอ,89.75,บริการธุรกิจ,ได้รับอนุญาต,หนองบัวระเหว,ชัยภูมิ,15.762498,101.743168,,ตรงตามมาตรฐาน,ยังไม่ตรวจ,2567-12-26 00:00:00,
05520445,วัดชัยภูมิวนาราม,พระพุทธศาสนาวัดชัยภูมิวนาราม,90.0,บริการสาธารณะ,ได้รับอนุญาต,เมืองชัยภูมิ,ชัยภูมิ,15.822754,102.025769,,ตรงตามมาตรฐาน,ตรวจปี 2567 แล้ว,2567-11-15 00:00:00,
05520430,ห้างหุ้นส่วนจำกัด เขาเขียวเรดิโอ,เขาเขียวเรดิโอ,90.25,บริการธุรกิจ,ได้รับอนุญาต,เกษตรสมบูรณ์,ชัยภูมิ,16.202322,101.904495,ตรงตามมาตรฐาน,,ตรวจปี 2567 แล้ว,2567-12-27 00:00:00,
05540021,ห้างหุ้นส่วนจำกัด เพชรนิรันดิ์,เพชรนิรันดิ์ เรดิโอ,90.25,บริการธุรกิจ,ได้รับอนุญาต,เนินสง่า,ชัยภูมิ,15.559958,101.978967,ตรงตามมาตรฐาน,,ตรวจปี 2567 แล้ว,2567-12-13 00:00:00,
05520483,ห้างหุ้นส่วนจำกัด มงคลธนาภรณ์,ฮอตเรดิโอ,90.5,บริการธุรกิจ,ได้รับอนุญาต,เมืองชัยภูมิ,ชัยภูมิ,15.763418,102.006511,ตรงตามมาตรฐาน,ตรงตามมาตรฐาน,ตรวจปี 2567 แล้ว,2567-12-17 00:00:00,
05520395,ห้างหุ้นส่วนจำกัด พูชัย ซัพพลายเออร์,ข้าวเหนียวเรดิโอ,90.5,บริการธุรกิจ,ได้รับอนุญาต,แก้งคร้อ,ชัยภูมิ,16.106686,102.105742,ตรงตามมาตรฐาน,ตรงตามมาตรฐาน,ตรวจปี 2567 แล้ว,2567-11-28 00:00:00,
05550003,ห้างหุ้นส่วนจำกัด ซันสตาร์ เรดิโอ,วิทยุเพื่อธุรกิจ,90.75,บริการธุรกิจ,ได้รับอนุญาต,แก้งคร้อ,ชัยภูมิ,16.098847,102.257036,ตรงตามมาตรฐาน,,ตรวจปี 2567 แล้ว,2567-12-16 00:00:00,
05520480,มูลนิธิเสียงธรรมเพื่อประชาชน ในพระอุปถัมภ์ สมเด็จพระเจ้าน้องนางเธอ เจ้าฟ้าจุฬาภรณวลัยลักษณ์ อัครราชกุมารี กรมพระศรีสวางควัฒน วรขัตติยราชนารี,เสียงธรรมเพื่อประชาชนฯ วัดป่าประดู่งาม,91.0,บริการสาธารณะ,ได้รับอนุญาต,เทพสถิต,ชัยภูมิ,15.515804,101.475348,,ตรงตามมาตรฐาน,ตรวจปี 2567 แล้ว,2567-11-28 00:00:00,
05540094,ห้างหุ้นส่วนจำกัด ภคนันท์ กรุ๊ป,คนรักสุขภาพ,91.0,บริการธุรกิจ,ได้รับอนุญาต,ภักดีชุมพล,ชัยภูมิ,15.995691,101.447933,,,ตรวจปี 2567 แล้ว,2567-12-25 00:00:00,
05520427,ห้างหุ้นส่วนจำกัด ศุภวรรธณไพศาล,ชุมชนเมือง,91.25,บริการธุรกิจ,ได้รับอนุญาต,เมืองชัยภูมิ,ชัยภูมิ,15.822897,102.05503,ตรงตามมาตรฐาน,ตรงตามมาตรฐาน,ตรวจปี 2567 แล้ว,2567-12-16 00:00:00,
05520465,มหาวิทยาลัยมหาจุฬาลงกรณราชวิทยาลัย,เมืองภูเขียว,91.5,บริการสาธารณะ,ได้รับอนุญาต,ภูเขียว,ชัยภูมิ,16.342456,102.09221,,ตรงตามมาตรฐาน,ยังไม่ตรวจ,2567-11-04 00:00:00,
05520472,ห้างหุ้นส่วนจำกัด ปึงรุ่งเรืองพืชผล,ลูกทุ่งพญาแล,91.75,บริการธุรกิจ,ได้รับอนุญาต,เมืองชัยภูมิ,ชัยภูมิ,15.693149,102.014818,,,ยังไม่ตรวจ,-,
05540031,มูลนิธิเสียงธรรมเพื่อประชาชน ในพระอุปถัมภ์ สมเด็จพระเจ้าน้องนางเธอ เจ้าฟ้าจุฬาภรณวลัยลักษณ์ อัครราชกุมารี กรมพระศรีสวางควัฒน วรขัตติยราชนารี,เสียงธรรมเพื่อประชาชนฯ ชูชัย,91.75,บริการสาธารณะ,ได้รับอนุญาต,ภูเขียว,ชัยภูมิ,16.360607,102.118365,,,ตรวจปี 2567 แล้ว,2567-11-28 00:00:00,
05520408,ห้างหุ้นส่วนจำกัด ไทยซีคอน,คนบำเหน็จฯ เฉลิมพระเกียรติ,92.0,บริการธุรกิจ,ได้รับอนุญาต,บำเหน็จณรงค์,ชัยภูมิ,15.441013,101.690113,,ตรงตามมาตรฐาน,ยังไม่ตรวจ,2567-12-26 00:00:00,
05520401,ห้างหุ้นส่วนจำกัด บ้านประคองทรัพย์,คนนครซำ,92.0,บริการธุรกิจ,ได้รับอนุญาต,แก้งคร้อ,ชัยภูมิ,16.14644,102.27607,ตรงตามมาตรฐาน,,ตรวจปี 2567 แล้ว,2567-12-16 00:00:00,
05520415,กลุ่มคนคนรักสุขภาพ,คนรักสุขภาพ,92.25,บริการชุมชน,ได้รับอนุญาต,เกษตรสมบูรณ์,ชัยภูมิ,16.127217,101.897899,ตรงตามมาตรฐาน,,ตรวจปี 2567 แล้ว,-,
05520447,เทศบาลตำบลบ้านเพชร,เพชรรัตน์,92.5,บริการสาธารณะ,ยกเลิก,บำเหน็จณรงค์,ชัยภูมิ,15.443272,101.686048,,,,,ตามมติ กสทช. 1/2567 ลว 10 ม.ค. 2567
05520392,บริษัท ลูกทุ่งเน็ตเวิร์ก จำกัด,BIG FM ,93.0,บริการธุรกิจ,ได้รับอนุญาต,เมืองชัยภูมิ,ชัยภูมิ,15.745475,102.016336,ตรงตามมาตรฐาน,ตรงตามมาตรฐาน,ตรวจปี 2567 แล้ว,2567-11-28 00:00:00,
05520458,ห้างหุ้นส่วนจำกัด ชาญวิวัฒน์ เรดิโอ,แฟมิลี่ เรดิโอ,93.25,บริการธุรกิจ,ได้รับอนุญาต,เมืองชัยภูมิ,ชัยภูมิ,15.803713,102.0275,ตรงตามมาตรฐาน,ตรงตามมาตรฐาน,ตรวจปี 2567 แล้ว,2567-12-13 00:00:00,
05520421,ห้างหุ้นส่วนจำกัด วิเศษประดิษฐ,วิเศษประดิษฐแก้งคร้อเรดิโอ,93.75,บริการธุรกิจ,ได้รับอนุญาต,แก้งคร้อ,ชัยภูมิ,16.047983,102.17799,ตรงตามมาตรฐาน,,ยังไม่ตรวจ,2567-12-27 00:00:00,
05520400,ห้างหุ้นส่วนจำกัด คนชัยภูมิ,คนชัยภูมิ,94.0,บริการธุรกิจ,ได้รับอนุญาต,เมืองชัยภูมิ,ชัยภูมิ,15.822982,102.05913,ตรงตามมาตรฐาน,ตรงตามมาตรฐาน,ตรวจปี 2567 แล้ว,2567-12-19 00:00:00,
05520440,ห้างหุ้นส่วนจำกัด วิลาสวิทยุธุรกิจ,บ้านผือ,94.5,บริการธุรกิจ,ได้รับอนุญาต,เมืองชัยภูมิ,ชัยภูมิ,15.819054,102.095329,ตรงตามมาตรฐาน,ตรงตามมาตรฐาน,ตรวจปี 2567 แล้ว,2567-11-30 00:00:00,
05520471,บริษัท ลูกทุ่งเน็ตเวิร์ก จำกัด,ลูกทุ่งเน็ตเวิร์ก ,94.75,บริการธุรกิจ,ได้รับอนุญาต,เมืองชัยภูมิ,ชัยภูมิ,15.745475,102.016336,ตรงตามมาตรฐาน,ตรงตามมาตรฐาน,ตรวจปี 2567 แล้ว,2567-11-28 00:00:00,
05520423,ห้างหุ้นส่วนจำกัด จัตุรัส บรอดแคสติ้ง,จัตุรัส เรดิโอ,95.0,บริการธุรกิจ,ได้รับอนุญาต,จัตุรัส,ชัยภูมิ,15.556342,101.840314,,ตรงตามมาตรฐาน,ตรวจปี 2567 แล้ว,2567-11-28 00:00:00,
05520413,ห้างหุ้นส่วนจำกัด พี พี พี มีเดียเฮาส์,คนรักษ์ถิ่น,95.5,บริการธุรกิจ,ได้รับอนุญาต,เมืองชัยภูมิ,ชัยภูมิ,15.78409,102.009295,ตรงตามมาตรฐาน,ตรงตามมาตรฐาน,ตรวจปี 2567 แล้ว,2567-12-07 00:00:00,
05550004,ห้างหุ้นส่วนจำกัด เอสเอส รุ่งเรดิโอ,เอส.เอส.รุ่งเรดิโอ,95.75,บริการธุรกิจ,ได้รับอนุญาต,แก้งคร้อ,ชัยภูมิ,16.098847,102.257036,ตรงตามมาตรฐาน,,ตรวจปี 2567 แล้ว,2567-12-18 00:00:00,
05520402,ห้างหุ้นส่วนจำกัด คนนางแดด เรดิโอ,คนนางแดด เรดิโอ,96.5,บริการธุรกิจ,ได้รับอนุญาต,หนองบัวแดง,ชัยภูมิ,16.162479,101.63886,ตรงตามมาตรฐาน,,ตรวจปี 2567 แล้ว,2567-12-19 00:00:00,
05520479,มูลนิธิเสียงธรรมเพื่อประชาชน ในพระอุปถัมภ์ สมเด็จพระเจ้าน้องนางเธอ เจ้าฟ้าจุฬาภรณวลัยลักษณ์ อัครราชกุมารี กรมพระศรีสวางควัฒน วรขัตติยราชนารี,เสียงธรรมเพื่อประชาชนฯ วัดเขาตาเงาะอุดมพร,97.0,บริการสาธารณะ,ได้รับอนุญาต,หนองบัวระเหว,ชัยภูมิ,15.75657,101.793894,,ตรงตามมาตรฐาน,ตรวจปี 2567 แล้ว,2567-11-28 00:00:00,
05520462,ห้างหุ้นส่วนจำกัด บำเหน็จไทยเจริญ,มูลนิธิพระฤทธิฦาชัย,97.25,บริการธุรกิจ,ได้รับอนุญาต,บำเหน็จณรงค์,ชัยภูมิ,15.504616,101.687821,,ตรงตามมาตรฐาน,ตรวจปี 2567 แล้ว,2567-12-20 00:00:00,
05520461,มหาวิทยาลัยราชภัฏชัยภูมิ,มหาวิทยาลัยราชภัฏชัยภูมิ,98.0,บริการสาธารณะ,ได้รับอนุญาต,เมืองชัยภูมิ,ชัยภูมิ,15.929843,102.020319,,,ตรวจปี 2567 แล้ว,2567-11-27 00:00:00,
05520454,ห้างหุ้นส่วนจำกัด วิเศษประดิษฐ,มิตรประชา เรดิโอ,98.25,บริการธุรกิจ,ได้รับอนุญาต,ภูเขียว,ชัยภูมิ,16.368253,102.131788,ตรงตามมาตรฐาน,,ยังไม่ตรวจ,2567-12-27 00:00:00,
05540053,ห้างหุ้นส่วนจำกัด เนินสง่า เรดิโอ,คนเนินสง่า,98.5,บริการธุรกิจ,ได้รับอนุญาต,เนินสง่า,ชัยภูมิ,15.558232,101.995974,ตรงตามมาตรฐาน,,ยังไม่ตรวจ,2567-12-24 00:00:00,
05520435,ห้างหุ้นส่วนจำกัด ถิ่นไทยงามเรดิโอ,ถิ่นไทยงาม,98.75,บริการธุรกิจ,ได้รับอนุญาต,เมืองชัยภูมิ,ชัยภูมิ,15.787085,102.205516,ตรงตามมาตรฐาน,,ตรวจปี 2567 แล้ว,2567-12-07 00:00:00,
05520431,ห้างหุ้นส่วนจำกัด ทุมมาพารวย,หนองบัวบาน เรดิโอ,99.0,บริการธุรกิจ,ได้รับอนุญาต,จัตุรัส,ชัยภูมิ,15.673852,101.867194,,ตรงตามมาตรฐาน,ตรวจปี 2567 แล้ว,2567-12-23 00:00:00,
05520424,กลุ่มคนคลื่นมหาชนคนจัตุรัสรักถิ่น,จัตุรัสรักถิ่น,99.25,บริการชุมชน,ได้รับอนุญาต,จัตุรัส,ชัยภูมิ,15.575332,101.846988,ตรงตามมาตรฐาน,,ยังไม่ตรวจ,-,
05540073,ห้างหุ้นส่วนจำกัด ไอซีเอสมีเดีย,ห้วยบงเรดิโอ,99.5,บริการธุรกิจ,ได้รับอนุญาต,เมืองชัยภูมิ,ชัยภูมิ,15.847327,102.168076,ตรงตามมาตรฐาน,ตรงตามมาตรฐาน,ยังไม่ตรวจ,-,
05520473,ห้างหุ้นส่วนจำกัด วิชิต 2012,รักษ์ไทย เรดิโอ,99.75,บริการธุรกิจ,ได้รับอนุญาต,จัตุรัส,ชัยภูมิ,15.683624,101.862646,,ตรงตามมาตรฐาน,ตรวจปี 2567 แล้ว,2567-12-13 00:00:00,
05520432,ห้างหุ้นส่วนจำกัด หนาซุย,ท้องถิ่นไทยสมายเรดิโอ,100.0,บริการธุรกิจ,ได้รับอนุญาต,บ้านแท่น,ชัยภูมิ,16.414709,102.342057,,,ตรวจปี 2567 แล้ว,2567-12-24 00:00:00,
05520433,กลุ่มคนพัฒนาชุมชน,วิทยุชุมชนท๊อป เรดิโอ,100.25,บริการชุมชน,ยกเลิก,หนองบัวระเหว,ชัยภูมิ,15.756285,101.753194,,ตรงตามมาตรฐาน,ยังไม่ตรวจ,,ตามมติ กสทช. ครั้งที่ 22/2567 ลว. 4 ต.ค. 2567
05520439,ห้างหุ้นส่วนจำกัด ฤทธิ์รุ่งเรือง เรดิโอ,โนนทรายคำ,100.25,บริการธุรกิจ,ได้รับอนุญาต,ภูเขียว,ชัยภูมิ,16.376199,102.121707,,ตรงตามมาตรฐาน,ยังไม่ตรวจ,2567-12-27 00:00:00,
05520444,ห้างหุ้นส่วนจำกัด พญาแล เรดิโอ,พญาแล เรดิโอ,100.75,บริการธุรกิจ,ได้รับอนุญาต,เมืองชัยภูมิ,ชัยภูมิ,15.81262,102.033774,,ตรงตามมาตรฐาน,ตรวจปี 2567 แล้ว,2567-12-16 00:00:00,
05520437,ห้างหุ้นส่วนจำกัด กุ้งนาง เรดิโอ,ต้นน้ำชี เรดิโอ,101.0,บริการธุรกิจ,ได้รับอนุญาต,หนองบัวแดง,ชัยภูมิ,16.076319,101.794592,,ตรงตามมาตรฐาน,ตรวจปี 2567 แล้ว,2567-12-24 00:00:00,
05520436,ห้างหุ้นส่วนจำกัด นครกาหลงธุรกิจ โฆษณา,นครกาหลง,101.25,บริการธุรกิจ,ได้รับอนุญาต,คอนสวรรค์,ชัยภูมิ,15.930235,102.275339,ตรงตามมาตรฐาน,,ตรวจปี 2567 แล้ว,2567-12-12 00:00:00,
05520404,ห้างหุ้นส่วนจำกัด ศุภรเพ็ญ มาเก็ตติ้ง,แม็กซ์ เรดิโอ,102.25,บริการธุรกิจ,ได้รับอนุญาต,แก้งคร้อ,ชัยภูมิ,16.189578,102.32665,,ตรงตามมาตรฐาน,ยังไม่ตรวจ,2567-12-24 00:00:00,
05540032,ห้างหุ้นส่วนจำกัด ไอซีเอสมีเดีย,คลื่นมวลชนสัมพันธ์,102.5,บริการธุรกิจ,ได้รับอนุญาต,เมืองชัยภูมิ,ชัยภูมิ,15.847327,102.168076,ตรงตามมาตรฐาน,ตรงตามมาตรฐาน,ยังไม่ตรวจ,-,
05520474,ห้างหุ้นส่วนจำกัด ไทยซีคอน,ลูกพ่อขุน,102.75,บริการธุรกิจ,ได้รับอนุญาต,บำเหน็จณรงค์,ชัยภูมิ,15.441013,101.690113,,ตรงตามมาตรฐาน,ยังไม่ตรวจ,2567-12-26 00:00:00,
05550002,ห้างหุ้นส่วนจำกัด เอ็กซ์-อาย เรดิโอ,พัฒนาและส่งเสริมการเรียนรู้ชุมชนวังชมภู,103.0,บริการธุรกิจ,ได้รับอนุญาต,หนองบัวแดง,ชัยภูมิ,16.125997,101.622221,,,ตรวจปี 2567 แล้ว,2567-11-28 00:00:00,
05520468,ห้างหุ้นส่วนจำกัด สยามไทยเรดิโอ (2012),ลูกทุ่งไทยคนชัยภูมิ,103.25,บริการธุรกิจ,ได้รับอนุญาต,เมืองชัยภูมิ,ชัยภูมิ,15.870571,102.019787,ตรงตามมาตรฐาน,ตรงตามมาตรฐาน,ตรวจปี 2567 แล้ว,2567-12-02 00:00:00,
05520403,ห้างหุ้นส่วนจำกัด โนนคร้อวิทยุ1035,คนโนนคร้อ,103.5,บริการธุรกิจ,ได้รับอนุญาต,จัตุรัส,ชัยภูมิ,15.437125,101.833718,,ตรงตามมาตรฐาน,ตรวจปี 2567 แล้ว,2567-12-11 00:00:00,
05540036,บริษัท จัตุรัส วาไรตี้ มีเดีย จำกัด,วาไรตี้ เรดิโอ,103.75,บริการธุรกิจ,ได้รับอนุญาต,จัตุรัส,ชัยภูมิ,15.558564,101.822963,,ตรงตามมาตรฐาน,ยังไม่ตรวจ,-,
05520476,สหกรณ์การเกษตรบ้านเขว้า จำกัด,สหกรณ์การเกษตรบ้านเขว้า,104.0,บริการธุรกิจ,ได้รับอนุญาต,บ้านเขว้า,ชัยภูมิ,15.772471,101.906406,,,ตรวจปี 2567 แล้ว,-,
05520475,ห้างหุ้นส่วนจำกัด นครกาหลงธุรกิจ โฆษณา,สตาร์นิวนครกาหลง,104.25,บริการธุรกิจ,ได้รับอนุญาต,คอนสวรรค์,ชัยภูมิ,15.964022,102.331344,,,ตรวจปี 2567 แล้ว,2567-12-12 00:00:00,
05540049,ห้างหุ้นส่วนจำกัด น้ำผึ้ง เรดิโอ,น้ำผึ้ง เรดิโอ,104.5,บริการธุรกิจ,ได้รับอนุญาต,เมืองชัยภูมิ,ชัยภูมิ,15.865688,102.063661,,,ยังไม่ตรวจ,2567-12-16 00:00:00,
05520434,ห้างหุ้นส่วนจำกัด วิเศษประดิษฐ,เทพนิมิต เรดิโอ,104.75,บริการธุรกิจ,ได้รับอนุญาต,ภูเขียว,ชัยภูมิ,16.370522,102.144445,,ตรงตามมาตรฐาน,ยังไม่ตรวจ,2567-12-27 00:00:00,
05520399,ห้างหุ้นส่วนจำกัด สตาร์ ออฟ พาราไดซ์ เรคคอร์ด,คนใจใส,105.0,บริการธุรกิจ,ได้รับอนุญาต,เมืองชัยภูมิ,ชัยภูมิ,15.851513,102.070353,ตรงตามมาตรฐาน,,ตรวจปี 2567 แล้ว,2567-12-12 00:00:00,
05520416,ห้างหุ้นส่วนจำกัด แสนหล้า โกลด์,คนลุ่มน้ำพรม,105.75,บริการธุรกิจ,ได้รับอนุญาต,ภูเขียว,ชัยภูมิ,16.410142,102.061605,ตรงตามมาตรฐาน,,ยังไม่ตรวจ,-,
05520420,ห้างหุ้นส่วนจำกัด วิเศษประดิษฐ,วิเศษประดิษฐ,106.0,บริการธุรกิจ,ได้รับอนุญาต,คอนสาร,ชัยภูมิ,16.610379,101.938217,,,ยังไม่ตรวจ,2567-12-27 00:00:00,
05520453,ห้างหุ้นส่วนจำกัด วิเศษประดิษฐ,วิเศษประดิษฐ ภูเขียวเรดิโอ,106.75,บริการธุรกิจ,ได้รับอนุญาต,ภูเขียว,ชัยภูมิ,16.368217,102.131774,ตรงตามมาตรฐาน,,ยังไม่ตรวจ,2567-12-27 00:00:00,
05520419,บริษัท ซีเนมาเทค จำกัด,ความรู้สู่ชุมชนชัยภูมิ,107.0,บริการธุรกิจ,ได้รับอนุญาต,เมืองชัยภูมิ,ชัยภูมิ,15.824753,102.042129,,,ตรวจปี 2567 แล้ว,-,
05520394,ห้างหุ้นส่วนจำกัด แก้งคร้อ เรดิโอ,แก้งคร้อเรดิโอ,107.0,บริการธุรกิจ,ได้รับอนุญาต,แก้งคร้อ,ชัยภูมิ,16.107289,102.102962,,ตรงตามมาตรฐาน,ยังไม่ตรวจ,2567-12-20 00:00:00,
05520451,สำนักงานคณะกรรมการการอาชีวศึกษา,เพื่อการศึกษาและพัฒนาอาชีพ (R-Radio Network) วิทยาลัยเทคนิคชัยภูมิ,107.25,บริการสาธารณะ,ได้รับอนุญาต,เมืองชัยภูมิ,ชัยภูมิ,15.810879,102.016748,,,ตรวจปี 2567 แล้ว,2567-11-21 00:00:00,
05540054,ห้างหุ้นส่วนจำกัด จอมสุรางค์ เรดิโอ,ช้างเผือก,87.75,บริการธุรกิจ,ได้รับอนุญาต,เมืองนครราชสีมา,นครราชสีมา,14.977832,102.07258,ตรงตามมาตรฐาน,,ยังไม่ตรวจ,2567-12-20 00:00:00,
05520107,ห้างหุ้นส่วนจำกัด 555 ยาเสร็จ เรดิโอ,ชาวนา เรดิโอ,87.75,บริการธุรกิจ,ได้รับอนุญาต,ครบุรี,นครราชสีมา,14.527918,102.24457,ตรงตามมาตรฐาน,ตรงตามมาตรฐาน,ตรวจปี 2567 แล้ว,2567-12-21 00:00:00,
05520135,ห้างหุ้นส่วนจำกัด ลูกทุ่งแม็กซาโก้(นครราชสีมา),ลูกทุ่งแม็กซาโก้(นครราชสีมา),88.0,บริการธุรกิจ,ได้รับอนุญาต,วังน้ำเขียว,นครราชสีมา,14.548664,101.992992,ตรงตามมาตรฐาน,ตรงตามมาตรฐาน,ตรวจปี 2567 แล้ว,2567-12-20 00:00:00,
05520058,ห้างหุ้นส่วนจำกัด 555 ยาเสร็จ เรดิโอ,คนรักครบุรี แฮปปี้ เรดิโอ,88.25,บริการธุรกิจ,ได้รับอนุญาต,ครบุรี,นครราชสีมา,14.527918,102.24457,ตรงตามมาตรฐาน,ตรงตามมาตรฐาน,ตรวจปี 2567 แล้ว,2567-12-21 00:00:00,
05520154,วัดบ้านหมัน (ชัยมงคล),วัดบ้านหมัน,88.25,บริการสาธารณะ,ได้รับอนุญาต,คง,นครราชสีมา,15.471475,102.296434,,,ยังไม่ตรวจ,-,
05520031,ห้างหุ้นส่วนจำกัด คนจักราช มีเดีย,คนจักราช,88.25,บริการธุรกิจ,ได้รับอนุญาต,จักราช,นครราชสีมา,15.01135,102.417773,ตรงตามมาตรฐาน,ตรงตามมาตรฐาน,ตรวจปี 2567 แล้ว,2567-12-26 00:00:00,
05520149,ห้างหุ้นส่วนจำกัด สิบตระกูล เรดิโอ,ปักธงชัย,88.25,บริการธุรกิจ,ยกเลิก,ปักธงชัย,นครราชสีมา,14.715619,102.02256,,,ยังไม่ตรวจ,,ตามมติ กสทช. ครั้งที่ 22/2567 ลว. 4 ต.ค. 2567
05520033,ห้างหุ้นส่วนจำกัด ดีเคที มิเดีย,คนด่านขุนทด,88.5,บริการธุรกิจ,ได้รับอนุญาต,ด่านขุนทด,นครราชสีมา,15.201366,101.764031,ตรงตามมาตรฐาน,,ยังไม่ตรวจ,-,
05520192,ห้างหุ้นส่วนจำกัด สระสูงเนิน,เสียงสร้างสรรค์ เรดิโอ,88.5,บริการธุรกิจ,ได้รับอนุญาต,สูงเนิน,นครราชสีมา,14.915822,101.792535,,ตรงตามมาตรฐาน,ตรวจปี 2567 แล้ว,2567-12-01 00:00:00,
05520189,ห้างหุ้นส่วนจำกัด ปากช่อง เรดิโอ,ปากช่อง เรดิโอ,89.0,บริการธุรกิจ,ได้รับอนุญาต,ปากช่อง,นครราชสีมา,14.7164,101.41674,ตรงตามมาตรฐาน,,ตรวจปี 2567 แล้ว,-,
05520097,สมาคมวิชาชีพวิทยุ-โทรทัศน์ภาคประชาชน,สายสัมพันธ์เรดิโอ,89.0,บริการสาธารณะ,ได้รับอนุญาต,โนนแดง,นครราชสีมา,15.414839,102.557333,,,ตรวจปี 2567 แล้ว,2567-11-24 00:00:00,
05520024,ห้างหุ้นส่วนจำกัด กันเองเรดิโอ,กันเองเรดิโอ,89.5,บริการธุรกิจ,ได้รับอนุญาต,ชุมพวง,นครราชสีมา,15.355052,102.827928,ตรงตามมาตรฐาน,ตรงตามมาตรฐาน,ตรวจปี 2567 แล้ว,2567-12-26 00:00:00,
05520239,ห้างหุ้นส่วนจำกัด ศุภมาส เรดิโอ สเตชั่น,สไมล์เวฟ เรดิโอ,89.5,บริการธุรกิจ,ได้รับอนุญาต,ปากช่อง,นครราชสีมา,14.71693,101.455397,ตรงตามมาตรฐาน,,ตรวจปี 2567 แล้ว,2567-12-05 00:00:00,
05550026,มูลนิธิพุทธอเนกประสงค์วัดสังฆทาน,สถานีวิทยุสังฆทานธรรม คลื่นขาวของชาวพุทธ อ.เมืองนครราชสีมา จ.นครราชสีมา,89.5,บริการสาธารณะ,ยกเลิก,เมืองนครราชสีมา,นครราชสีมา,14.981689,102.075691,,,,,ตามมติ กสทช. 1/2567 ลว 10 ม.ค. 2567
05520178,ห้างหุ้นส่วนจำกัด สวีทเวฟ เรดิโอ,High Wave,89.75,บริการธุรกิจ,ได้รับอนุญาต,เมืองนครราชสีมา,นครราชสีมา,15.033326,102.105562,ตรงตามมาตรฐาน,ตรงตามมาตรฐาน,ตรวจปี 2567 แล้ว,2567-12-09 00:00:00,
05520246,ห้างหุ้นส่วนจำกัด สีคิ้วสัมพันธ์,สีคิ้วสัมพันธ์,89.75,บริการธุรกิจ,ยกเลิก,สีคิ้ว,นครราชสีมา,14.888877,101.683569,,,ยังไม่ตรวจ,,ตามมติ กสทช. ครั้งที่ 22/2567 ลว. 4 ต.ค. 2567
05520155,วัดบ้านหาญ,พระพุทธศาสนา,90.0,บริการชุมชน,ได้รับอนุญาต,ด่านขุนทด,นครราชสีมา,15.203453,101.777799,,ตรงตามมาตรฐาน,ตรวจปี 2567 แล้ว,2567-11-06 00:00:00,
05520237,วิทยาลัยเทคโนโลยีช่างกลพณิชยการนครราชสีมา,สนามกีฬากลางนครราชสีมา,90.0,บริการสาธารณะ,ยกเลิก,เมืองนครราชสีมา,นครราชสีมา,14.993934,102.109369,ตรงตามมาตรฐาน,,,,ตามมติ กสทช. 1/2567 ลว 10 ม.ค. 2567
05520096,ห้างหุ้นส่วนจำกัด มาลี เรดิโอ 2017,มาลี เรดิโอ,90.25,บริการธุรกิจ,ได้รับอนุญาต,ปักธงชัย,นครราชสีมา,14.715619,102.02256,ตรงตามมาตรฐาน,ตรงตามมาตรฐาน,ตรวจปี 2567 แล้ว,2567-12-24 00:00:00,
05550007,ห้างหุ้นส่วนจำกัด มิตรสัมพันธ์ เรดิโอ,มิตรสัมพันธ์ โนนแดง,90.25,บริการธุรกิจ,ได้รับอนุญาต,โนนแดง,นครราชสีมา,15.414839,102.557333,ตรงตามมาตรฐาน,ตรงตามมาตรฐาน,ตรวจปี 2567 แล้ว,2567-12-11 00:00:00,
05520112,ห้างหุ้นส่วนจำกัด อำไพ เรดิโอ,อำไพ เรดิโอ,90.75,บริการธุรกิจ,ได้รับอนุญาต,บัวใหญ่,นครราชสีมา,15.554716,102.423886,ตรงตามมาตรฐาน,ตรงตามมาตรฐาน,ตรวจปี 2567 แล้ว,2567-12-11 00:00:00,
05540071,ห้างหุ้นส่วนจำกัด คนลำตะคอง เรดิโอ,คนลำตะคอง สีคิ้ว,91.0,บริการธุรกิจ,ได้รับอนุญาต,สีคิ้ว,นครราชสีมา,14.863078,101.662464,,ตรงตามมาตรฐาน,ตรวจปี 2567 แล้ว,2567-12-25 00:00:00,
05520227,ห้างหุ้นส่วนจำกัด เฟิร์สนิวส์,ไลฟ์เอฟเอ็ม,91.0,บริการธุรกิจ,ได้รับอนุญาต,เมืองนครราชสีมา,นครราชสีมา,14.975483,102.125321,ตรงตามมาตรฐาน,,ยังไม่ตรวจ,-,
05540052,ห้างหุ้นส่วนจำกัด บุญทวี เรดิโอ,สี่เหลี่ยม เรดิโอ,91.25,บริการธุรกิจ,ได้รับอนุญาต,ลำทะเมนชัย,นครราชสีมา,15.270497,102.906402,ตรงตามมาตรฐาน,ตรงตามมาตรฐาน,ตรวจปี 2567 แล้ว,2567-11-29 00:00:00,
05520041,ห้างหุ้นส่วนจำกัด อินเตอร์วอยซ์ มีเดีย,คนบ้านพระ,91.5,บริการธุรกิจ,ได้รับอนุญาต,เมืองนครราชสีมา,นครราชสีมา,14.96764,102.149016,,ตรงตามมาตรฐาน,ตรวจปี 2567 แล้ว,2567-12-24 00:00:00,
05520101,สมาคมวิชาชีพวิทยุ-โทรทัศน์ภาคประชาชน,จอมสุรางค์,91.75,บริการสาธารณะ,ได้รับอนุญาต,เมืองนครราชสีมา,นครราชสีมา,14.973675,102.097032,ตรงตามมาตรฐาน,ตรงตามมาตรฐาน,ตรวจปี 2567 แล้ว,2567-11-24 00:00:00,
05540046,ห้างหุ้นส่วนจำกัด เรดิโอ โคราช 7,เฟรนด์ชิฟ เรดิโอ,91.75,บริการธุรกิจ,ได้รับอนุญาต,ประทาย,นครราชสีมา,15.527867,102.723559,ตรงตามมาตรฐาน,ตรงตามมาตรฐาน,ตรวจปี 2567 แล้ว,2567-12-09 00:00:00,
05520205,ห้างหุ้นส่วนจำกัด ดีเจริญชัย เรดิโอ,สายฟ้าเรดิโอ ปากช่อง,91.75,บริการธุรกิจ,ได้รับอนุญาต,ปากช่อง,นครราชสีมา,14.664572,101.445902,ตรงตามมาตรฐาน,,ยังไม่ตรวจ,-,
05520206,ห้างหุ้นส่วนจำกัด 555 ยาเสร็จ เรดิโอ,มูลบลเรดิโอ,92.0,บริการธุรกิจ,ได้รับอนุญาต,ครบุรี,นครราชสีมา,14.572367,102.15643,,ตรงตามมาตรฐาน,ตรวจปี 2567 แล้ว,2567-12-21 00:00:00,
05520138,ห้างหุ้นส่วนจำกัด ชุมพร อีเล็กทรอนิกส์,บัวใหญ่ซิตี้ เรดิโอ FM 92.00 MHz,92.0,บริการธุรกิจ,ได้รับอนุญาต,บัวใหญ่,นครราชสีมา,15.55386,102.423526,ตรงตามมาตรฐาน,,ตรวจปี 2567 แล้ว,2567-12-06 00:00:00,
05540075,กลุ่มคนรักษ์ครอบครัว,ยอดคน,92.0,บริการชุมชน,ได้รับอนุญาต,ปากช่อง,นครราชสีมา,14.690247,101.657184,ตรงตามมาตรฐาน,,ตรวจปี 2567 แล้ว,2567-11-18 00:00:00,
05520248,ห้างหุ้นส่วนจำกัด นครราชสีมาทาวเวอร์,สีสรร FM,92.0,บริการธุรกิจ,ได้รับอนุญาต,สูงเนิน,นครราชสีมา,14.862588,101.835754,ตรงตามมาตรฐาน,,ตรวจปี 2567 แล้ว,2567-12-19 00:00:00,
05520122,ห้างหุ้นส่วนจำกัด 92.25 ปากช่อง สมายเรดิโอ,ท้องถิ่นไทยปากช่องสมายเรดิโอ,92.25,บริการธุรกิจ,ได้รับอนุญาต,ปากช่อง,นครราชสีมา,14.740437,101.420177,ตรงตามมาตรฐาน,ตรงตามมาตรฐาน,ตรวจปี 2567 แล้ว,2567-12-25 00:00:00,
05520010,ห้างหุ้นส่วนจำกัด สาริศา เรดิโอ,NOW FM,92.25,บริการธุรกิจ,ได้รับอนุญาต,เมืองนครราชสีมา,นครราชสีมา,14.968849,102.106595,,ตรงตามมาตรฐาน,ตรวจปี 2567 แล้ว,2567-12-23 00:00:00,
05520132,กลุ่มคนนิวไลฟ์ เรดิโอ โคราช,นิวไลฟ์ เรดิโอ โคราช,92.5,บริการชุมชน,ได้รับอนุญาต,เมืองนครราชสีมา,นครราชสีมา,14.961188,102.072453,ตรงตามมาตรฐาน,ตรงตามมาตรฐาน,ตรวจปี 2567 แล้ว,2567-11-07 00:00:00,
05520165,บริษัท บุพเศรษฐ์ ริช แอนด์ โกลด์ จำกัด,Tp FM,92.5,บริการธุรกิจ,ยกเลิก,พิมาย,นครราชสีมา,15.225726,102.506279,,,,,ตามมติ กสทช. 1/2567 ลว 10 ม.ค. 2567
05520054,สมาคมสื่อสารมวลชนสัมพันธ์จักรชัยเพื่อความมั่นคง,เสียงเมืองปัก,92.75,บริการสาธารณะ,ได้รับอนุญาต,ปักธงชัย,นครราชสีมา,14.768065,102.031942,ตรงตามมาตรฐาน,ตรงตามมาตรฐาน,ตรวจปี 2567 แล้ว,2567-11-05 00:00:00,
05520269,ห้างหุ้นส่วนจำกัด ศักดิ์กัญญา,ฮอตชาร์แนล,92.75,บริการธุรกิจ,ได้รับอนุญาต,เมืองนครราชสีมา,นครราชสีมา,14.951724,102.056501,ตรงตามมาตรฐาน,ตรงตามมาตรฐาน,ตรวจปี 2567 แล้ว,2567-12-26 00:00:00,
05520060,ห้างหุ้นส่วนจำกัด ซี.เอส.ทัวร์(ทันใจ),คนรักษ์กระโทก,93.0,บริการธุรกิจ,ได้รับอนุญาต,โชคชัย,นครราชสีมา,14.729628,102.172183,,,ตรวจปี 2567 แล้ว,2567-12-17 00:00:00,
05520232,ห้างหุ้นส่วนจำกัด วิทยุมวลชน คนโนนไทย,วันดีเรดิโอ,93.0,บริการธุรกิจ,ได้รับอนุญาต,โนนไทย,นครราชสีมา,15.186043,102.077565,ตรงตามมาตรฐาน,ตรงตามมาตรฐาน,ตรวจปี 2567 แล้ว,2567-12-23 00:00:00,
05520150,ห้างหุ้นส่วนจำกัด ตุ้มทองเจริญ 1,ปักธงชัยฟ้าใส เรดิโอ,93.25,บริการธุรกิจ,ยกเลิก,ปักธงชัย,นครราชสีมา,14.708382,102.026131,,,,,ยกเลิกการประกอบกิจการ มติ 10/2566 3 พ.ค. 2566
05520064,กลุ่มคนวิทยุชุมชนคนรักสุขภาพ,วิทยุชุมชนคนรักสุขภาพ,93.25,บริการชุมชน,ได้รับอนุญาต,เสิงสาง,นครราชสีมา,14.434854,102.506751,,ตรงตามมาตรฐาน,ตรวจปี 2567 แล้ว,2567-11-21 00:00:00,
05520008,บริษัท พีเพิล ไทม์ พับลิชชิ่ง จำกัด,Nice (ไนซ์),93.25,บริการธุรกิจ,ได้รับอนุญาต,เมืองนครราชสีมา,นครราชสีมา,14.994552,102.084164,ตรงตามมาตรฐาน,,ตรวจปี 2567 แล้ว,2567-12-13 00:00:00,
05520226,ห้างหุ้นส่วนจำกัด สถานีวิทยุชุมชนเพื่อคนรักษ์สุขภาพ,ลูกทุ่งโอเวอร์ฮิต,93.5,บริการธุรกิจ,ได้รับอนุญาต,บัวใหญ่,นครราชสีมา,15.596902,102.412346,ตรงตามมาตรฐาน,ตรงตามมาตรฐาน,ตรวจปี 2567 แล้ว,2567-12-27 00:00:00,
05540010,ห้างหุ้นส่วนจำกัด สถานีวิทยุชุมชนเกษตรกรชาวไร่อ้อยดวงตะวัน,เกษตรกรชาวไร่อ้อยดวงตะวัน,93.5,บริการธุรกิจ,ได้รับอนุญาต,พิมาย,นครราชสีมา,15.122187,102.446734,,ตรงตามมาตรฐาน,ตรวจปี 2567 แล้ว,2567-11-28 00:00:00,
05520128,ห้างหุ้นส่วนจำกัด เรดิโอ โคราช 7,ไทยสมบูรณ์,93.75,บริการธุรกิจ,ได้รับอนุญาต,ประทาย,นครราชสีมา,15.527867,102.723559,ตรงตามมาตรฐาน,ตรงตามมาตรฐาน,ตรวจปี 2567 แล้ว,2567-12-09 00:00:00,
05520108,ห้างหุ้นส่วนจำกัด ซีอาร์.โคราชกรุ๊ป,Pk.RADIO,93.75,บริการธุรกิจ,ได้รับอนุญาต,ปากช่อง,นครราชสีมา,14.65357,101.356451,,,ตรวจปี 2567 แล้ว,-,
05540060,ห้างหุ้นส่วนจำกัด อำนาจสุวรรณทาวเวอร์,สบายเรดิโอ,93.75,บริการธุรกิจ,ได้รับอนุญาต,เมืองนครราชสีมา,นครราชสีมา,14.949857,101.989754,ตรงตามมาตรฐาน,ตรงตามมาตรฐาน,ตรวจปี 2567 แล้ว,2567-12-13 00:00:00,
05520016,ห้างหุ้นส่วนจำกัด ลูกทุ่งเพื่อคนเกษตร,เกษตรลูกทุ่ง,94.5,บริการธุรกิจ,ได้รับอนุญาต,โชคชัย,นครราชสีมา,14.666952,102.189309,,ตรงตามมาตรฐาน,ตรวจปี 2567 แล้ว,2567-12-02 00:00:00,
05520121,ห้างหุ้นส่วนจำกัด ไกโกพารวย,ท้องถิ่นดินแดนหลวงพ่อคูณ,94.5,บริการธุรกิจ,ได้รับอนุญาต,ด่านขุนทด,นครราชสีมา,15.232261,101.782558,ตรงตามมาตรฐาน,,ตรวจปี 2567 แล้ว,2567-12-17 00:00:00,
05520055,ห้างหุ้นส่วนจำกัด วรรณวานิชกุล บิสซิเนส,คนเมืองย่า,94.5,บริการธุรกิจ,ได้รับอนุญาต,เมืองนครราชสีมา,นครราชสีมา,14.967979,102.149266,,,ยังไม่ตรวจ,-,
05520257,ห้างหุ้นส่วนจำกัด เอส เอส เรดิโอ เสียงเสิงสาง,เสียงเสิงสาง,94.75,บริการธุรกิจ,ได้รับอนุญาต,เสิงสาง,นครราชสีมา,14.431148,102.476012,,ตรงตามมาตรฐาน,ตรวจปี 2567 แล้ว,2567-12-02 00:00:00,
05520224,ห้างหุ้นส่วนจำกัด จริงจังเรดิโอ,เจ เจ เรดิโอ,94.75,บริการธุรกิจ,ได้รับอนุญาต,จักราช,นครราชสีมา,15.00472,102.57158,ตรงตามมาตรฐาน,ตรงตามมาตรฐาน,ตรวจปี 2567 แล้ว,2567-12-11 00:00:00,
05550013,ห้างหุ้นส่วนจำกัด คนหอกลอง,คนหอกลอง,94.75,บริการธุรกิจ,ยกเลิก,โนนไทย,นครราชสีมา,15.152779,102.105174,,,,,ตามมติ กสทช. 15/2567 ลว 17 ก.ค. 2567
05540001,ห้างหุ้นส่วนจำกัด สะแกราชสัมพันธ์มีเดีย,คนสะแกราชสัมพันธ์,94.75,บริการธุรกิจ,ได้รับอนุญาต,ปักธงชัย,นครราชสีมา,14.663631,102.084644,,,ยังไม่ตรวจ,2567-12-04 00:00:00,
05550021,ห้างหุ้นส่วนจำกัด เพชรศรัทธา,คนรักสุขภาพ หนองบุญมาก,95.0,บริการธุรกิจ,ได้รับอนุญาต,หนองบุญมาก,นครราชสีมา,14.775155,102.321499,,ตรงตามมาตรฐาน,ตรวจปี 2567 แล้ว,2567-12-26 00:00:00,
05550005,บริษัท เอฟ เอ็ม 95 โคราช(ไทยแลนด์) จำกัด,KORAT (THAILAND),95.0,บริการธุรกิจ,ได้รับอนุญาต,เมืองนครราชสีมา,นครราชสีมา,14.978814,102.103609,ตรงตามมาตรฐาน,ตรงตามมาตรฐาน,ตรวจปี 2567 แล้ว,2567-11-28 00:00:00,
05520217,สำนักงานปลัดกระทรวงสาธารณสุข,โรงพยาบาลครบุรี,95.25,บริการสาธารณะ,ได้รับอนุญาต,ครบุรี,นครราชสีมา,14.527979,102.247324,ตรงตามมาตรฐาน,,ตรวจปี 2567 แล้ว,2567-11-29 00:00:00,
05550014,ห้างหุ้นส่วนจำกัด น่านฟ้าย่าโม,น่านฟ้าย่าโม,95.25,บริการธุรกิจ,ได้รับอนุญาต,โนนสูง,นครราชสีมา,15.225067,102.286214,ตรงตามมาตรฐาน,,ตรวจปี 2567 แล้ว,2567-12-09 00:00:00,
05520185,ห้างหุ้นส่วนจำกัด กฤศมีเดีย 2019,สีคิ้ว เอฟ.เอ็ม,95.25,บริการธุรกิจ,ได้รับอนุญาต,สีคิ้ว,นครราชสีมา,14.891446,101.723863,,ตรงตามมาตรฐาน,ตรวจปี 2567 แล้ว,2567-12-18 00:00:00,
05520076,ห้างหุ้นส่วนจำกัด เมืองคอน เรคคอร์ด,คนหมื่นไวย,95.25,บริการธุรกิจ,ได้รับอนุญาต,เมืองนครราชสีมา,นครราชสีมา,15.001127,102.109744,ตรงตามมาตรฐาน,,ตรวจปี 2567 แล้ว,2567-12-12 00:00:00,
05520169,สำนักงานคณะกรรมการการอาชีวศึกษา,เพื่อการศึกษาและพัฒนาอาชีพ (R-Radio Network) วิทยาลัยเทคนิคปักธงชัย,95.5,บริการสาธารณะ,ได้รับอนุญาต,ปักธงชัย,นครราชสีมา,14.675879,101.972658,ตรงตามมาตรฐาน,,ตรวจปี 2567 แล้ว,2567-11-21 00:00:00,
05520019,ห้างหุ้นส่วนจำกัด ศักดิ์กัญญา,แกรนด์เรดิโอ,95.5,บริการธุรกิจ,ได้รับอนุญาต,เมืองนครราชสีมา,นครราชสีมา,14.951724,102.056501,ตรงตามมาตรฐาน,ตรงตามมาตรฐาน,ตรวจปี 2567 แล้ว,2567-12-26 00:00:00,
05520005,ห้างหุ้นส่วนจำกัด สุขสนั่นไฟฟ้าสื่อสาร,เวอร์ชั่นฮิต,96.0,บริการธุรกิจ,ยกเลิก,สีคิ้ว,นครราชสีมา,14.875421,101.691595,,,,,ตามมติ กสทช. 16/2567 ลว 31 ก.ค. 2567
05520113,ห้างหุ้นส่วนจำกัด ซี.เอส.ทัวร์(ทันใจ),แซด เรดิโอ,96.25,บริการธุรกิจ,ได้รับอนุญาต,ครบุรี,นครราชสีมา,14.523714,102.260986,ตรงตามมาตรฐาน,,ยังไม่ตรวจ,2567-12-17 00:00:00,
05540066,ห้างหุ้นส่วนจำกัด ช่องแมว วิทยุ,ช่องแมว วิทยุ,96.25,บริการธุรกิจ,ได้รับอนุญาต,ประทาย,นครราชสีมา,15.473184,102.779848,ตรงตามมาตรฐาน,ตรงตามมาตรฐาน,ตรวจปี 2567 แล้ว,2567-12-24 00:00:00,
05540056,ห้างหุ้นส่วนจำกัด วิไลลักษณ์ เรดิโอ,คนบ้านหัน,96.25,บริการธุรกิจ,ได้รับอนุญาต,ปักธงชัย,นครราชสีมา,14.732695,102.000916,ตรงตามมาตรฐาน,ตรงตามมาตรฐาน,ตรวจปี 2567 แล้ว,2567-12-18 00:00:00,
05540050,ห้างหุ้นส่วนจำกัด บลู เฮ้าส์ อินเตอร์ มิเดียกรุ๊ป,มะเริงร่วมใจ (we radio),96.25,บริการธุรกิจ,ได้รับอนุญาต,เมืองนครราชสีมา,นครราชสีมา,14.963362,102.160524,ตรงตามมาตรฐาน,,ตรวจปี 2567 แล้ว,2567-12-18 00:00:00,
05520179,ห้างหุ้นส่วนจำกัด นาคาแลนด์2019,อิสานเรดิโอ,96.5,บริการธุรกิจ,ได้รับอนุญาต,โนนสูง,นครราชสีมา,15.224582,102.293303,ตรงตามมาตรฐาน,,ตรวจปี 2567 แล้ว,2567-11-29 00:00:00,
05520140,ห้างหุ้นส่วนจำกัด โอ แอนด์ พี 999 มีเดีย,บ้านเราหนองบุญมาก,96.5,บริการธุรกิจ,ได้รับอนุญาต,หนองบุญมาก,นครราชสีมา,14.745569,102.3511,ตรงตามมาตรฐาน,ตรงตามมาตรฐาน,ตรวจปี 2567 แล้ว,2567-12-24 00:00:00,
05520203,บริษัท เพชรน้ำหนึ่งเรดิโอ จำกัด,Youth Crazy,96.75,บริการธุรกิจ,ได้รับอนุญาต,เมืองนครราชสีมา,นครราชสีมา,14.973659,102.097141,ตรงตามมาตรฐาน,,ตรวจปี 2567 แล้ว,2567-12-25 00:00:00,
05520157,สมาคมพัฒนาคนดีศรีย่าโม,ศูนย์อบรมเยาวชนนครราชสีมา,97.0,บริการสาธารณะ,ได้รับอนุญาต,ปักธงชัย,นครราชสีมา,14.817541,102.030676,ตรงตามมาตรฐาน,ตรงตามมาตรฐาน,ตรวจปี 2567 แล้ว,2567-11-18 00:00:00,
05520065,ห้างหุ้นส่วนจำกัด จริงจังเรดิโอ,จริงจังเรดิโอ,97.0,บริการธุรกิจ,ได้รับอนุญาต,จักราช,นครราชสีมา,15.073562,102.393527,ตรงตามมาตรฐาน,ตรงตามมาตรฐาน,ตรวจปี 2567 แล้ว,2567-12-11 00:00:00,
05520116,ห้างหุ้นส่วนจำกัด เจริญอิเล็คโทรนิค,ตลาดเช้า,97.0,บริการธุรกิจ,ได้รับอนุญาต,บัวใหญ่,นครราชสีมา,15.590813,102.424305,ตรงตามมาตรฐาน,ตรงตามมาตรฐาน,ตรวจปี 2567 แล้ว,2567-12-12 00:00:00,
05520063,ห้างหุ้นส่วนจำกัด เพลินเพลงพาเพลิน,คนรักษ์สุขภาพ,97.0,บริการธุรกิจ,ได้รับอนุญาต,เมืองยาง,นครราชสีมา,15.456338,102.832038,,,ยังไม่ตรวจ,-,
05520241,ห้างหุ้นส่วนจำกัด กิ่งกาญจน์ เรดิโอ เน็ตเวิร์ค,กิ่งกาญจน์ เรดิโอ เน็ตเวิร์ค,97.25,บริการธุรกิจ,ได้รับอนุญาต,เมืองนครราชสีมา,นครราชสีมา,15.008593,102.121392,ตรงตามมาตรฐาน,ตรงตามมาตรฐาน,ตรวจปี 2567 แล้ว,2567-12-23 00:00:00,
05520146,ห้างหุ้นส่วนจำกัด พรเทพ เอ็ฟ.เอ็ม.,ประทาย,97.5,บริการธุรกิจ,ได้รับอนุญาต,ประทาย,นครราชสีมา,15.484354,102.762876,ตรงตามมาตรฐาน,ตรงตามมาตรฐาน,ตรวจปี 2567 แล้ว,-,
05520223,บริษัท ลูกทุ่งเน็ตเวิร์ก จำกัด,ลูกทุ่งเน็ตเวิร์ก ,97.5,บริการธุรกิจ,ได้รับอนุญาต,สีคิ้ว,นครราชสีมา,14.853727,101.561883,,ตรงตามมาตรฐาน,ตรวจปี 2567 แล้ว,2567-11-28 00:00:00,
05520222,บริษัท ลูกทุ่งเน็ตเวิร์ก จำกัด,ลูกทุ่งเน็ตเวิร์ก ,97.75,บริการธุรกิจ,ได้รับอนุญาต,เมืองนครราชสีมา,นครราชสีมา,14.972202,102.174234,ตรงตามมาตรฐาน,,ตรวจปี 2567 แล้ว,2567-11-28 00:00:00,
05520195,ห้างหุ้นส่วนจำกัด วิทยุครบุรี,บ้านไร่นาเราเอฟเอ็มเรดิโอ,98.0,บริการธุรกิจ,ได้รับอนุญาต,ครบุรี,นครราชสีมา,14.525538,102.240892,ตรงตามมาตรฐาน,ตรงตามมาตรฐาน,ตรวจปี 2567 แล้ว,2567-12-26 00:00:00,
05540051,ห้างหุ้นส่วนจำกัด วังตะวัน เรดิโอ,วังตะวัน เรดิโอ,98.0,บริการธุรกิจ,ได้รับอนุญาต,โนนแดง,นครราชสีมา,15.414839,102.557333,ตรงตามมาตรฐาน,ตรงตามมาตรฐาน,ตรวจปี 2567 แล้ว,2567-12-09 00:00:00,
05520070,ห้างหุ้นส่วนจำกัด จุฑาวุฒิ มีเดีย,คนศาลาลอย-ทุ่งสว่าง,98.0,บริการธุรกิจ,ได้รับอนุญาต,เมืองนครราชสีมา,นครราชสีมา,14.941802,102.125019,ตรงตามมาตรฐาน,,ยังไม่ตรวจ,-,
05520125,ห้างหุ้นส่วนจำกัด รัตฎา เรดิโอ,ที่นี่ลูกทุ่งโนนไทย,98.25,บริการธุรกิจ,ได้รับอนุญาต,โนนไทย,นครราชสีมา,15.218833,102.063613,,ตรงตามมาตรฐาน,ตรวจปี 2567 แล้ว,2567-12-06 00:00:00,
05520014,ห้างหุ้นส่วนจำกัด นครราชสีมาทาวเวอร์,กว้างไกล ฟ้าใส,98.25,บริการธุรกิจ,ได้รับอนุญาต,สูงเนิน,นครราชสีมา,14.862588,101.835754,ตรงตามมาตรฐาน,,ตรวจปี 2567 แล้ว,2567-12-19 00:00:00,
05520050,กลุ่มคนคนพิมาย,วิทยุชุมชนคนพิมาย,98.5,บริการชุมชน,ได้รับอนุญาต,พิมาย,นครราชสีมา,15.212346,102.482182,,,ตรวจปี 2567 แล้ว,-,
05520240,ห้างหุ้นส่วนจำกัด ศุภมาส เรดิโอ สเตชั่น,สไมล์เวฟ ปากช่อง,98.75,บริการธุรกิจ,ได้รับอนุญาต,ปากช่อง,นครราชสีมา,14.71693,101.455397,,,ตรวจปี 2567 แล้ว,2567-12-05 00:00:00,
05520003,บริษัท ลูกทุ่งเน็ตเวิร์ก จำกัด,BIG FM,98.75,บริการธุรกิจ,ได้รับอนุญาต,เมืองนครราชสีมา,นครราชสีมา,14.972202,102.174234,ตรงตามมาตรฐาน,,ตรวจปี 2567 แล้ว,2567-11-28 00:00:00,
05520164,ห้างหุ้นส่วนจำกัด บัวใหญ่พัฒนาเรดิโอ,พัฒนาบัวใหญ่,99.0,บริการธุรกิจ,ได้รับอนุญาต,บัวใหญ่,นครราชสีมา,15.594347,102.428458,ตรงตามมาตรฐาน,,ตรวจปี 2567 แล้ว,2567-12-16 00:00:00,
05520200,ห้างหุ้นส่วนจำกัด เฟิร์สนิวส์,เฟิร์สเอฟเอ็ม,99.0,บริการธุรกิจ,ได้รับอนุญาต,เมืองนครราชสีมา,นครราชสีมา,14.975466,102.125324,ตรงตามมาตรฐาน,,ยังไม่ตรวจ,-,
05520133,ห้างหุ้นส่วนจำกัด นรุตม์ชัย มีเดียแอนด์ เซอร์วิส,โนนไทย,99.25,บริการธุรกิจ,ได้รับอนุญาต,ด่านขุนทด,นครราชสีมา,15.20408,101.763875,,ตรงตามมาตรฐาน,ตรวจปี 2567 แล้ว,2567-12-27 00:00:00,
05520204,ห้างหุ้นส่วนจำกัด มิตรภาพ ปากช่อง มีเดียกรุ๊ป,มิตรภาพปากช่อง,99.25,บริการธุรกิจ,ได้รับอนุญาต,ปากช่อง,นครราชสีมา,14.7225,101.439295,ตรงตามมาตรฐาน,ตรงตามมาตรฐาน,ตรวจปี 2567 แล้ว,2567-12-03 00:00:00,
05520126,มหาวิทยาลัยเทคโนโลยีสุรนารี,มหาวิทยาลัยเทคโนโลยีสุรนารี,99.5,บริการสาธารณะ,ได้รับอนุญาต,เมืองนครราชสีมา,นครราชสีมา,14.869199,102.03797,,ตรงตามมาตรฐาน,ตรวจปี 2567 แล้ว,2567-11-25 00:00:00,
05520124,ห้างหุ้นส่วนจำกัด เมืองคง สัมพันธ์,ท้องถิ่นเมืองคง,99.5,บริการธุรกิจ,ได้รับอนุญาต,คง,นครราชสีมา,15.436962,102.311949,ตรงตามมาตรฐาน,ตรงตามมาตรฐาน,ตรวจปี 2567 แล้ว,2567-12-09 00:00:00,
05540034,ห้างหุ้นส่วนจำกัด พีรธัช เรดิโอ,เรดิโอไทม์ (Radiotime),99.5,บริการธุรกิจ,ได้รับอนุญาต,ชุมพวง,นครราชสีมา,15.333563,102.748581,,ตรงตามมาตรฐาน,ตรวจปี 2567 แล้ว,2567-12-23 00:00:00,
05550006,ห้างหุ้นส่วนจำกัด มหาเฮง โปรโมชั่น,อาร์ย เรดิโอ,99.75,บริการธุรกิจ,ได้รับอนุญาต,วังน้ำเขียว,นครราชสีมา,14.412408,101.861811,ตรงตามมาตรฐาน,,ยังไม่ตรวจ,-,
05520156,มหาวิทยาลัยมหาจุฬาลงกรณราชวิทยาลัย,พระพุทธศาสนา มจร.นครราชสีมา,99.75,บริการสาธารณะ,ได้รับอนุญาต,เมืองนครราชสีมา,นครราชสีมา,14.980426,102.131287,,ตรงตามมาตรฐาน,ตรวจปี 2567 แล้ว,2567-11-04 00:00:00,
05520221,สมาคมสื่อสารมวลชนสัมพันธ์จักรชัยเพื่อความมั่นคง,ลุ่มน้ำลำตะคอง,100.0,บริการสาธารณะ,ได้รับอนุญาต,สีคิ้ว,นครราชสีมา,14.885841,101.731634,,ตรงตามมาตรฐาน,ตรวจปี 2567 แล้ว,2567-11-05 00:00:00,
05520186,ห้างหุ้นส่วนจำกัด นันทวัฒน์ เรดิโอ,นันทวัฒน์ เรดิโอ,100.0,บริการธุรกิจ,ได้รับอนุญาต,ประทาย,นครราชสีมา,15.539341,102.717839,,ตรงตามมาตรฐาน,ตรวจปี 2567 แล้ว,2567-12-23 00:00:00,
05520017,บริษัท เอพลัส นครราชสีมา จำกัด,เกษตรสามัคคี MIX FM,100.0,บริการธุรกิจ,ยกเลิก,เมืองนครราชสีมา,นครราชสีมา,14.968872,102.10667,ตรงตามมาตรฐาน,,,,ตามมติ กสทช. 1/2567 ลว 10 ม.ค. 2567
05520145,ห้างหุ้นส่วนจำกัด เกษตรสินสีมา,เบญจรงค์ นครราชสีมา,100.25,บริการธุรกิจ,ได้รับอนุญาต,เมืองนครราชสีมา,นครราชสีมา,15.06146,102.103646,ตรงตามมาตรฐาน,,ตรวจปี 2567 แล้ว,-,
05540089,ห้างหุ้นส่วนจำกัด สถานีวิทยุมรดกอีสาน,รักษ์หมอลำ วัฒนธรรมอิสาน,100.5,บริการธุรกิจ,ได้รับอนุญาต,แก้งสนามนาง,นครราชสีมา,15.728541,102.285967,,ตรงตามมาตรฐาน,ตรวจปี 2567 แล้ว,2567-12-24 00:00:00,
05520051,บริษัท เอส.เอส.พี. มีเดีย กรุ๊ป จำกัด,คนโพธิ์กลาง,100.5,บริการธุรกิจ,ได้รับอนุญาต,เมืองนครราชสีมา,นครราชสีมา,14.934073,102.051986,ตรงตามมาตรฐาน,ตรงตามมาตรฐาน,ตรวจปี 2567 แล้ว,2567-12-20 00:00:00,
05520015,ห้างหุ้นส่วนจำกัด สมัชชาเรดิโอ 10075,LUCKY RADIO,100.75,บริการธุรกิจ,ได้รับอนุญาต,เมืองนครราชสีมา,นครราชสีมา,14.966332,102.114865,ตรงตามมาตรฐาน,,ตรวจปี 2567 แล้ว,-,
05520196,บริษัท วัน ดัน ฟัน จำกัด,เพื่อประชาชนปากช่อง,101.0,บริการธุรกิจ,ได้รับอนุญาต,ปากช่อง,นครราชสีมา,14.71428,101.425944,ตรงตามมาตรฐาน,ตรงตามมาตรฐาน,ตรวจปี 2567 แล้ว,-,
05520098,ห้างหุ้นส่วนจำกัด ซี แอนด์ ซี บรอดคาสท,ฅนนครโคราช,101.0,บริการธุรกิจ,ได้รับอนุญาต,เมืองนครราชสีมา,นครราชสีมา,14.92391,102.110737,ตรงตามมาตรฐาน,,ตรวจปี 2567 แล้ว,2567-12-24 00:00:00,
05520023,ห้างหุ้นส่วนจำกัด พีรเวช,เสิงสางสัมพันธ์,101.25,บริการธุรกิจ,ได้รับอนุญาต,เสิงสาง,นครราชสีมา,14.432746,102.474094,,ตรงตามมาตรฐาน,ตรวจปี 2567 แล้ว,2567-11-30 00:00:00,
05520094,ห้างหุ้นส่วนจำกัด กษิดิศประทาย,ประทายเรดิโอ,101.25,บริการธุรกิจ,ได้รับอนุญาต,ประทาย,นครราชสีมา,15.529488,102.719939,ตรงตามมาตรฐาน,ตรงตามมาตรฐาน,ตรวจปี 2567 แล้ว,2567-11-30 00:00:00,
05520198,ห้างหุ้นส่วนจำกัด เสียงทองของดาริน,เพื่อมวลชน ฅนกระโทก,101.5,บริการธุรกิจ,ได้รับอนุญาต,โชคชัย,นครราชสีมา,14.741955,102.178624,,ตรงตามมาตรฐาน,ตรวจปี 2567 แล้ว,2567-12-09 00:00:00,
05520059,ห้างหุ้นส่วนจำกัด เอ็ม.ดี. โคราช กรุ๊ป,คนรักถิ่น Green,101.5,บริการธุรกิจ,ได้รับอนุญาต,สีคิ้ว,นครราชสีมา,14.882725,101.724263,,ตรงตามมาตรฐาน,ยังไม่ตรวจ,2567-12-27 00:00:00,
05520052,ห้างหุ้นส่วนจำกัด อมรรัตน์ ธุรกิจ,คนเมืองเขาใหญ่,101.5,บริการธุรกิจ,ได้รับอนุญาต,ปากช่อง,นครราชสีมา,14.708415,101.444837,ตรงตามมาตรฐาน,,ตรวจปี 2567 แล้ว,2567-12-13 00:00:00,
05520260,ห้างหุ้นส่วนจำกัด อิสาน พลาซ่า เรดิโอ,อิสาน พลาซ่า เรดิโอ,101.5,บริการธุรกิจ,ได้รับอนุญาต,แก้งสนามนาง,นครราชสีมา,15.600859,102.120481,ตรงตามมาตรฐาน,,ตรวจปี 2567 แล้ว,2567-12-07 00:00:00,
05520100,ห้างหุ้นส่วนจำกัด วิไลทัศนา,คนหรรษา,101.5,บริการธุรกิจ,ได้รับอนุญาต,เมืองนครราชสีมา,นครราชสีมา,14.956745,102.121734,,ตรงตามมาตรฐาน,ตรวจปี 2567 แล้ว,2567-12-12 00:00:00,
05520163,วัดมะค่า,วิทยุเพื่อการเผยแผ่พระพุทธศาสนา การศึกษา วัฒนธรรม การบันเทิง,101.75,บริการสาธารณะ,ได้รับอนุญาต,ปักธงชัย,นครราชสีมา,14.655358,102.068436,ตรงตามมาตรฐาน,ตรงตามมาตรฐาน,ตรวจปี 2567 แล้ว,2567-11-29 00:00:00,
05520188,ห้างหุ้นส่วนจำกัด เรดิโอโมดิฟาย,เรดิโอโมดิฟาย,101.75,บริการธุรกิจ,ได้รับอนุญาต,ด่านขุนทด,นครราชสีมา,15.203262,101.774895,ตรงตามมาตรฐาน,,ตรวจปี 2567 แล้ว,2567-12-16 00:00:00,
05520193,ห้างหุ้นส่วนจำกัด เพื่อคนเกษตร,เพื่อนเกษตรกร,102.25,บริการธุรกิจ,ได้รับอนุญาต,จักราช,นครราชสีมา,14.976896,102.406445,ตรงตามมาตรฐาน,ตรงตามมาตรฐาน,ตรวจปี 2567 แล้ว,2567-12-25 00:00:00,
05520231,ห้างหุ้นส่วนจำกัด วัลภา โปรโมชั่น,วันดีชาแนล,102.25,บริการธุรกิจ,ได้รับอนุญาต,โนนไทย,นครราชสีมา,15.217647,102.058711,ตรงตามมาตรฐาน,ตรงตามมาตรฐาน,ตรวจปี 2567 แล้ว,2567-12-23 00:00:00,
05520045,ห้างหุ้นส่วนจำกัด วิจิตรศิลป ปักธงชัย,คนปักธงชัย,102.25,บริการธุรกิจ,ได้รับอนุญาต,ปักธงชัย,นครราชสีมา,14.729488,102.02541,ตรงตามมาตรฐาน,ตรงตามมาตรฐาน,ตรวจปี 2567 แล้ว,2567-12-03 00:00:00,
05520174,ห้างหุ้นส่วนจำกัด สุขสนั่นไฟฟ้าสื่อสาร,กรีนเรดิโอ,102.25,บริการธุรกิจ,ยกเลิก,สีคิ้ว,นครราชสีมา,14.872197,101.69143,,,,,ตามมติ กสทช. 16/2567 ลว 31 ก.ค. 2567
05520115,ห้างหุ้นส่วนจำกัด ไกโกพารวย,ดินแดนหลวงพ่อคูณ,102.5,บริการธุรกิจ,ได้รับอนุญาต,ด่านขุนทด,นครราชสีมา,15.207873,101.76424,,ตรงตามมาตรฐาน,ตรวจปี 2567 แล้ว,2567-12-17 00:00:00,
05520104,มหาวิทยาลัยวงษ์ชวลิตกุล,วิทยุร่วมใจหมื่นไวยพัฒนา,102.5,บริการสาธารณะ,ได้รับอนุญาต,เมืองนครราชสีมา,นครราชสีมา,14.997876,102.10588,ตรงตามมาตรฐาน,,ตรวจปี 2567 แล้ว,2567-11-15 00:00:00,
05550020,ห้างหุ้นส่วนจำกัด มัลลิดา 102,คนทับสวายพัฒนา,102.75,บริการธุรกิจ,ได้รับอนุญาต,ห้วยแถลง,นครราชสีมา,15.007553,102.621843,,ตรงตามมาตรฐาน,ตรวจปี 2567 แล้ว,2567-12-26 00:00:00,
05520049,กลุ่มคนพระทองคำ,ชุมชนคนพระทองคำ,103.0,บริการชุมชน,ยกเลิก,พระทองคำ,นครราชสีมา,15.33405,101.970856,,,,,ยกเลิกการประกอบกิจการ มติ 9/2566 19 เม.ย. 2566
05520210,ห้างหุ้นส่วนจำกัด สตูดิโอเฮาส์พิมาย,เมืองพิมาย เรดิโอ สเตชั่น,103.0,บริการธุรกิจ,ได้รับอนุญาต,พิมาย,นครราชสีมา,15.212243,102.483543,,ตรงตามมาตรฐาน,ตรวจปี 2567 แล้ว,2567-12-25 00:00:00,
05520072,ห้างหุ้นส่วนจำกัด ดีดี เรดิโอ,ดีดีเรดิโอ (คนสีคิ้ว),103.0,บริการธุรกิจ,ได้รับอนุญาต,สีคิ้ว,นครราชสีมา,14.885826,101.731786,,ตรงตามมาตรฐาน,ตรวจปี 2567 แล้ว,2567-12-07 00:00:00,
05520255,มูลนิธิเสียงธรรมเพื่อประชาชน ในพระอุปถัมภ์ สมเด็จพระเจ้าน้องนางเธอ เจ้าฟ้าจุฬาภรณวลัยลักษณ์ อัครราชกุมารี กรมพระศรีสวางควัฒน วรขัตติยราชนารี,เสียงธรรมเพื่อประชาชนฯ วัดป่าภูผาสูง,103.25,บริการสาธารณะ,ได้รับอนุญาต,สูงเนิน,นครราชสีมา,14.686554,101.695203,,,ยังไม่ตรวจ,2567-11-28 00:00:00,
05520254,มูลนิธิเสียงธรรมเพื่อประชาชน ในพระอุปถัมภ์ สมเด็จพระเจ้าน้องนางเธอ เจ้าฟ้าจุฬาภรณวลัยลักษณ์ อัครราชกุมารี กรมพระศรีสวางควัฒน วรขัตติยราชนารี,เสียงธรรมเพื่อประชาชน วัดป่าพิมาย,103.25,บริการสาธารณะ,ได้รับอนุญาต,พิมาย,นครราชสีมา,15.215878,102.519555,,ตรงตามมาตรฐาน,ตรวจปี 2567 แล้ว,2567-11-28 00:00:00,
05520256,มูลนิธิเสียงธรรมเพื่อประชาชน ในพระอุปถัมภ์ สมเด็จพระเจ้าน้องนางเธอ เจ้าฟ้าจุฬาภรณวลัยลักษณ์ อัครราชกุมารี กรมพระศรีสวางควัฒน วรขัตติยราชนารี,เสียงธรรมเพื่อประชาชนฯ วัดป่าเสาหงษ์,103.25,บริการสาธารณะ,ได้รับอนุญาต,เมืองนครราชสีมา,นครราชสีมา,14.912661,101.984645,ตรงตามมาตรฐาน,,ตรวจปี 2567 แล้ว,2567-11-28 00:00:00,
05520009,บริษัท พีเพิล ไทม์ พับลิชชิ่ง จำกัด,WORK FM,103.5,บริการธุรกิจ,ได้รับอนุญาต,เมืองนครราชสีมา,นครราชสีมา,14.978091,102.081756,ตรงตามมาตรฐาน,ตรงตามมาตรฐาน,ตรวจปี 2567 แล้ว,2567-12-13 00:00:00,
05520247,ห้างหุ้นส่วนจำกัด ชัยอมรนุกูล,สีดา,103.5,บริการธุรกิจ,ได้รับอนุญาต,สีดา,นครราชสีมา,15.546377,102.548384,ตรงตามมาตรฐาน,,ตรวจปี 2567 แล้ว,2567-12-09 00:00:00,
05520089,โรงเรียนรุ่งอรุณวิทยา,ความรักและสันติ,103.75,บริการสาธารณะ,ยกเลิก,ปากช่อง,นครราชสีมา,14.705702,101.416659,,,,,ยกเลิกการประกอบกิจการ มติ 29/2565 26 ต.ค. 2565
05520182,ห้างหุ้นส่วนจำกัด ณัชชาโปรโมชั่น,สไมล์ เอฟเอ็ม,103.75,บริการธุรกิจ,ได้รับอนุญาต,เสิงสาง,นครราชสีมา,14.410744,102.444783,,ตรงตามมาตรฐาน,ตรวจปี 2567 แล้ว,2567-12-09 00:00:00,
05520235,สมาคมสื่อสารมวลชนสัมพันธ์จักรชัยเพื่อความมั่นคง,วิทยุคนเมืองด่าน,103.75,บริการสาธารณะ,ได้รับอนุญาต,ด่านขุนทด,นครราชสีมา,15.203829,101.764182,,ตรงตามมาตรฐาน,ตรวจปี 2567 แล้ว,2567-11-05 00:00:00,
05550017,ห้างหุ้นส่วนจำกัด สตูดิโอเฮาส์พิมาย,คนเมืองพิมาย,103.75,บริการธุรกิจ,ได้รับอนุญาต,พิมาย,นครราชสีมา,15.22738,102.49606,,ตรงตามมาตรฐาน,ตรวจปี 2567 แล้ว,2567-12-25 00:00:00,
05520211,บริษัท ทิพย์พรชัย จำกัด,เมืองสีคิ้ว,104.0,บริการธุรกิจ,ได้รับอนุญาต,สีคิ้ว,นครราชสีมา,14.885684,101.731862,,ตรงตามมาตรฐาน,ตรวจปี 2567 แล้ว,2567-12-08 00:00:00,
05540091,มูลนิธิวิทยุคริสเตียนเพื่อชีวิต,วิทยุชุมชนคริสเตียนเพื่อคนครบุรี,104.25,บริการสาธารณะ,ได้รับอนุญาต,ครบุรี,นครราชสีมา,14.519834,102.257879,ตรงตามมาตรฐาน,,ตรวจปี 2567 แล้ว,2567-11-18 00:00:00,
05520159,วัดป่าเขาหินตัด,พระพุทธศาสนาเสียงธรรมเพื่อพุทธบริษัท,104.25,บริการสาธารณะ,ได้รับอนุญาต,สีคิ้ว,นครราชสีมา,14.86532,101.67939,,ตรงตามมาตรฐาน,ตรวจปี 2567 แล้ว,2567-11-07 00:00:00,
05520243,สหกรณ์การเกษตรชุมพวง จำกัด,สหกรณ์ชุมพวง,104.25,บริการธุรกิจ,ได้รับอนุญาต,ชุมพวง,นครราชสีมา,15.33997,102.73866,,ตรงตามมาตรฐาน,ตรวจปี 2567 แล้ว,-,
05520190,ห้างหุ้นส่วนจำกัด มวลชนสัมพันธ์ ปากช่อง,ปากช่อง สัมพันธ์,104.25,บริการธุรกิจ,ได้รับอนุญาต,ปากช่อง,นครราชสีมา,14.716609,101.416933,,ตรงตามมาตรฐาน,ตรวจปี 2567 แล้ว,2567-11-30 00:00:00,
05520170,สำนักงานคณะกรรมการการอาชีวศึกษา,เพื่อการศึกษาและพัฒนาอาชีพ (R-Radio Network) วิทยาลัยเทคนิคสุรนารี,104.5,บริการสาธารณะ,ได้รับอนุญาต,โชคชัย,นครราชสีมา,14.819201,102.144737,ตรงตามมาตรฐาน,,ตรวจปี 2567 แล้ว,2567-11-21 00:00:00,
05520095,สมาคมวิชาชีพวิทยุ-โทรทัศน์ภาคประชาชน,ท้องถิ่นประทาย,104.5,บริการสาธารณะ,ได้รับอนุญาต,ประทาย,นครราชสีมา,15.528925,102.718349,ตรงตามมาตรฐาน,ตรงตามมาตรฐาน,ตรวจปี 2567 แล้ว,2567-11-24 00:00:00,
05520118,ห้างหุ้นส่วนจำกัด รุ่งสีมา,ตำบลมะเริง,104.75,บริการธุรกิจ,ได้รับอนุญาต,เมืองนครราชสีมา,นครราชสีมา,14.982231,102.17113,ตรงตามมาตรฐาน,,ตรวจปี 2567 แล้ว,2567-12-23 00:00:00,
05520272,ห้างหุ้นส่วนจำกัด ลูกรังทอง 9 ค้าวัสดุ,โฮมเรดิโอ,104.75,บริการธุรกิจ,ได้รับอนุญาต,แก้งสนามนาง,นครราชสีมา,15.723164,102.292285,ตรงตามมาตรฐาน,,ตรวจปี 2567 แล้ว,2567-12-27 00:00:00,
05520001,บริษัท ซี แชนแนล จำกัด,105 อโรมา แชลแนล นครราชสีมา,105.0,บริการธุรกิจ,ยกเลิก,เมืองนครราชสีมา,นครราชสีมา,14.991709,102.105101,,,ยังไม่ตรวจ,,ตามมติ กสทช. ครั้งที่ 24/2567 ลว. 24 ต.ค. 2567
05520267,บริษัท โกลบอล เน็ตเวิร์ค อินเตอร์เทรดดิ้ง จำกัด,เอื้ออาทรพิมาย,105.0,บริการธุรกิจ,ได้รับอนุญาต,พิมาย,นครราชสีมา,15.206499,102.483372,,ตรงตามมาตรฐาน,ยังไม่ตรวจ,-,
05520081,ห้างหุ้นส่วนจำกัด ศุภมาส เรดิโอ สเตชั่น,คลื่นข่าวชาวบ้าน,105.0,บริการธุรกิจ,ได้รับอนุญาต,ปากช่อง,นครราชสีมา,14.707492,101.423202,ตรงตามมาตรฐาน,ตรงตามมาตรฐาน,ตรวจปี 2567 แล้ว,2567-12-05 00:00:00,
05520168,สำนักงานคณะกรรมการการอาชีวศึกษา,เพื่อการศึกษาและพัฒนาอาชีพ (R-Radio Network) วิทยาลัยการอาชีพชุมพวง,105.5,บริการสาธารณะ,ได้รับอนุญาต,ชุมพวง,นครราชสีมา,15.339978,102.726708,ตรงตามมาตรฐาน,,ตรวจปี 2567 แล้ว,2567-11-21 00:00:00,
05520264,ห้างหุ้นส่วนจำกัด ชมรม อ.ส.ม. อ.คง,อ.ส.ม.อำเภอคง,105.5,บริการธุรกิจ,ได้รับอนุญาต,คง,นครราชสีมา,15.442326,102.328705,ตรงตามมาตรฐาน,ตรงตามมาตรฐาน,ตรวจปี 2567 แล้ว,2567-12-16 00:00:00,
05520212,ห้างหุ้นส่วนจำกัด ศักดิ์กัญญา,ยูนิเวิร์สเอฟเอ็ม,105.75,บริการธุรกิจ,ได้รับอนุญาต,เมืองนครราชสีมา,นครราชสีมา,14.95178,102.056662,ตรงตามมาตรฐาน,,ตรวจปี 2567 แล้ว,2567-12-26 00:00:00,
05520117,ห้างหุ้นส่วนจำกัด เสียงชนเสรี,เสียงชนเสรี,106.0,บริการธุรกิจ,ได้รับอนุญาต,คง,นครราชสีมา,15.491676,102.092729,ตรงตามมาตรฐาน,,ตรวจปี 2567 แล้ว,-,
05550025,มูลนิธิพุทธอเนกประสงค์วัดสังฆทาน,สถานีวิทยุสังฆทานธรรม คลื่นขาวของชาวพุทธ อ.สีคิ้ว จ.นครราชสีมา,106.75,บริการสาธารณะ,ยกเลิก,สีคิ้ว,นครราชสีมา,14.808415,101.568841,,,,,ตามมติ กสทช. 1/2567 ลว 10 ม.ค. 2567
05520183,ห้างหุ้นส่วนจำกัด ปักธงชัย 888,ปักธงชัย เรดิโอ,107.0,บริการธุรกิจ,ได้รับอนุญาต,ปักธงชัย,นครราชสีมา,14.729488,102.02541,ตรงตามมาตรฐาน,ตรงตามมาตรฐาน,ตรวจปี 2567 แล้ว,-,
05520162,ห้างหุ้นส่วนจำกัด กัญจิราพร เรดิโอ,พลนคร,107.0,บริการธุรกิจ,ได้รับอนุญาต,พิมาย,นครราชสีมา,15.166564,102.508856,,ตรงตามมาตรฐาน,ตรวจปี 2567 แล้ว,2567-12-18 00:00:00,
02521043,บริษัท จัดจ้าน คอร์ปอเรชั่น จำกัด,ID RADIO,107.0,บริการธุรกิจ,ได้รับอนุญาต,ปากช่อง,นครราชสีมา,14.679894,101.649089,,ตรงตามมาตรฐาน,ตรวจปี 2567 แล้ว,-,
05520029,ห้างหุ้นส่วนจำกัด คนโคราช เรดิโอ,คนโคราช,107.5,บริการธุรกิจ,ได้รับอนุญาต,เมืองนครราชสีมา,นครราชสีมา,14.927391,101.966271,,,ยังไม่ตรวจ,-,
05520079,ห้างหุ้นส่วนจำกัด กัญญา เค.พี.,คลองหินลาด,107.5,บริการธุรกิจ,ได้รับอนุญาต,ปากช่อง,นครราชสีมา,14.614451,101.503827,ตรงตามมาตรฐาน,,ตรวจปี 2567 แล้ว,2567-12-23 00:00:00,
05520022,ห้างหุ้นส่วนจำกัด ดีดีพี ไลท์แอนด์ซาวด์,คงคนครพิทักษ์,107.75,บริการธุรกิจ,ได้รับอนุญาต,คง,นครราชสีมา,15.446891,102.33387,ตรงตามมาตรฐาน,ตรงตามมาตรฐาน,ตรวจปี 2567 แล้ว,2567-12-26 00:00:00,
05550011,ห้างหุ้นส่วนจำกัด กษิดิศประทาย,ประทายเรดิโอ,107.75,บริการธุรกิจ,ได้รับอนุญาต,ประทาย,นครราชสีมา,15.545842,102.703354,,ตรงตามมาตรฐาน,ตรวจปี 2567 แล้ว,2567-11-30 00:00:00,
05540035,ห้างหุ้นส่วนจำกัด คลื่นสีขาวชาวโคราช,จอหอ เรดิโอ,107.75,บริการธุรกิจ,ได้รับอนุญาต,เมืองนครราชสีมา,นครราชสีมา,15.04816,102.148313,ตรงตามมาตรฐาน,ตรงตามมาตรฐาน,ตรวจปี 2567 แล้ว,-,
05520288,ห้างหุ้นส่วนจำกัด แมดทีม,แมดเอฟเอ็ม,88.0,บริการธุรกิจ,ได้รับอนุญาต,เมืองบุรีรัมย์,บุรีรัมย์,14.999706,103.095209,ตรงตามมาตรฐาน,ตรงตามมาตรฐาน,ตรวจปี 2567 แล้ว,2567-12-11 00:00:00,
05520290,ห้างหุ้นส่วนจำกัด จันทบเพชร,คนชายแดน,88.0,บริการธุรกิจ,ได้รับอนุญาต,บ้านกรวด,บุรีรัมย์,14.386623,103.185605,,ตรงตามมาตรฐาน,ตรวจปี 2567 แล้ว,2567-12-01 00:00:00,
05520350,ห้างหุ้นส่วนจำกัด บรมสุขวัฒนา,มดลูกทุ่ง,88.25,บริการธุรกิจ,ได้รับอนุญาต,เมืองบุรีรัมย์,บุรีรัมย์,15.001015,103.111135,ตรงตามมาตรฐาน,,ยังไม่ตรวจ,-,
05520296,ห้างหุ้นส่วนจำกัด ทองบูรพา มีเดียกรุ๊ป,คนรักถิ่น,88.75,บริการธุรกิจ,ได้รับอนุญาต,คูเมือง,บุรีรัมย์,15.136746,103.033832,ตรงตามมาตรฐาน,ตรงตามมาตรฐาน,ตรวจปี 2567 แล้ว,2567-12-02 00:00:00,
05520335,ห้างหุ้นส่วนจำกัด พัธนชัย 89,บัวทองเรดิโอ,89.0,บริการธุรกิจ,ได้รับอนุญาต,เมืองบุรีรัมย์,บุรีรัมย์,15.054648,103.158097,,,ตรวจปี 2567 แล้ว,2567-12-16 00:00:00,
05520389,ห้างหุ้นส่วนจำกัด สวัสดี รุ่งเรืองการเกษตร,แฮมเรดิโอ,89.0,บริการธุรกิจ,ได้รับอนุญาต,โนนสุวรรณ,บุรีรัมย์,14.551278,102.550344,ตรงตามมาตรฐาน,ตรงตามมาตรฐาน,ยังไม่ตรวจ,-,
05540037,ห้างหุ้นส่วนจำกัด สถานีวิทยุน้ำตาลตะวัน,น้ำตาลตะวัน,89.75,บริการธุรกิจ,ได้รับอนุญาต,หนองหงส์,บุรีรัมย์,14.889275,102.617893,ตรงตามมาตรฐาน,,ตรวจปี 2567 แล้ว,2567-11-28 00:00:00,
05520362,ห้างหุ้นส่วนจำกัด ลูกทุ่งแม็กซาโก้ (เมืองบุรีรัมย์),ห้างหุ้นส่วนจำกัด ลูกทุ่งแม็กซาโก้ (เมืองบุรีรัมย์),90.0,บริการธุรกิจ,ได้รับอนุญาต,เมืองบุรีรัมย์,บุรีรัมย์,15.010702,103.084413,,ตรงตามมาตรฐาน,ตรวจปี 2567 แล้ว,2567-12-19 00:00:00,
05520293,ห้างหุ้นส่วนจำกัด พลชา เรดิโอ,คนบุรีรัมย์,90.0,บริการธุรกิจ,ได้รับอนุญาต,หนองกี่,บุรีรัมย์,14.671424,102.534267,,ตรงตามมาตรฐาน,ตรวจปี 2567 แล้ว,2567-12-26 00:00:00,
05520312,ห้างหุ้นส่วนจำกัด บ้านใหม่ เรดิโอ,บ้านใหม่เรดิโอ,90.0,บริการธุรกิจ,ได้รับอนุญาต,บ้านใหม่ไชยพจน์,บุรีรัมย์,15.566141,102.838049,ตรงตามมาตรฐาน,ตรงตามมาตรฐาน,ตรวจปี 2567 แล้ว,2567-11-28 00:00:00,
05520316,ห้างหุ้นส่วนจำกัด วิภูดิศ มีเดีย,อิสาณเรดิโอ,90.5,บริการธุรกิจ,ได้รับอนุญาต,เมืองบุรีรัมย์,บุรีรัมย์,14.983651,103.095889,ตรงตามมาตรฐาน,ตรงตามมาตรฐาน,ยังไม่ตรวจ,-,
05540064,ห้างหุ้นส่วนจำกัด เค.ที. มีเดีย กรุ๊ป,โฮมเวฟ,90.75,บริการธุรกิจ,ได้รับอนุญาต,ละหานทราย,บุรีรัมย์,14.415822,102.860803,ตรงตามมาตรฐาน,ตรงตามมาตรฐาน,ยังไม่ตรวจ,2567-12-24 00:00:00,
05520291,ห้างหุ้นส่วนจำกัด อ.อะไหล่กรุ๊ป,ลูกทุ่งอินเตอร์,91.0,บริการธุรกิจ,ได้รับอนุญาต,นางรอง,บุรีรัมย์,14.633698,102.784497,,ตรงตามมาตรฐาน,ตรวจปี 2567 แล้ว,2567-11-28 00:00:00,
05520308,ห้างหุ้นส่วนจำกัด ไก่แก้วห้วยทับทัน,คลื่นรักษ์ไทย,91.25,บริการธุรกิจ,ได้รับอนุญาต,หนองหงส์,บุรีรัมย์,14.916274,102.616268,ตรงตามมาตรฐาน,ไม่ตรงตามมาตรฐาน,ตรวจปี 2567 แล้ว,2567-12-20 00:00:00,
05520313,ห้างหุ้นส่วนจำกัด ดับบลิว.เอ.กรุ๊ป,news fm,91.5,บริการธุรกิจ,ได้รับอนุญาต,เมืองบุรีรัมย์,บุรีรัมย์,14.934659,103.089088,,,ยังไม่ตรวจ,-,
05520369,ห้างหุ้นส่วนจำกัด พระคุ้ม เรดิโอ,วัดโนนดินแดงใต้,91.75,บริการธุรกิจ,ได้รับอนุญาต,โนนดินแดง,บุรีรัมย์,14.311548,102.752521,,ตรงตามมาตรฐาน,ตรวจปี 2567 แล้ว,-,
05520367,วัดโพธิ์ทรายทอง,ท้องถิ่นธรรม,92.25,บริการสาธารณะ,ได้รับอนุญาต,ละหานทราย,บุรีรัมย์,14.413943,102.854082,ตรงตามมาตรฐาน,ตรงตามมาตรฐาน,ตรวจปี 2567 แล้ว,2567-11-16 00:00:00,
05520320,ห้างหุ้นส่วนจำกัด พิพัฒน์ เซลส์ แอนด์ เซอร์วิส,ภูมิใจเรดิโอ,92.5,บริการธุรกิจ,ได้รับอนุญาต,กระสัง,บุรีรัมย์,14.881299,103.293419,ตรงตามมาตรฐาน,ตรงตามมาตรฐาน,ตรวจปี 2567 แล้ว,2567-12-03 00:00:00,
05520319,ห้างหุ้นส่วนจำกัด พญาเมืองพุท,ท้องถิ่นไทย พุทไธสง,92.5,บริการธุรกิจ,ได้รับอนุญาต,พุทไธสง,บุรีรัมย์,15.54239,103.004431,ตรงตามมาตรฐาน,ตรงตามมาตรฐาน,ตรวจปี 2567 แล้ว,2567-12-23 00:00:00,
05520310,สหกรณ์การเกษตรลำปลายมาศ จำกัด,โคออป เรดิโอ,92.5,บริการธุรกิจ,ได้รับอนุญาต,ลำปลายมาศ,บุรีรัมย์,15.026631,102.83589,ตรงตามมาตรฐาน,ตรงตามมาตรฐาน,ตรวจปี 2567 แล้ว,-,
05520368,ห้างหุ้นส่วนจำกัด สวัสดีเจริญรุ่งเรืองกิจ,วทท. อ.โนนสุวรรณ,92.75,บริการธุรกิจ,ได้รับอนุญาต,โนนสุวรรณ,บุรีรัมย์,14.547061,102.56991,,ตรงตามมาตรฐาน,ตรวจปี 2567 แล้ว,2567-12-23 00:00:00,
05520378,มูลนิธิเสียงธรรมเพื่อประชาชน ในพระอุปถัมภ์ สมเด็จพระเจ้าน้องนางเธอ เจ้าฟ้าจุฬาภรณวลัยลักษณ์ อัครราชกุมารี กรมพระศรีสวางควัฒน วรขัตติยราชนารี,เสียงธรรมเพื่อประชาชนฯ วัดป่าเขาน้อย,93.0,บริการสาธารณะ,ได้รับอนุญาต,เมืองบุรีรัมย์,บุรีรัมย์,14.930027,103.095407,ตรงตามมาตรฐาน,ตรงตามมาตรฐาน,ตรวจปี 2567 แล้ว,2567-11-28 00:00:00,
05520328,วัดศรีสำโรง,บริการสาธารณะเพื่อพระพุทธศาสนาและสังคมวัดศรีสำโรง,93.75,บริการสาธารณะ,ได้รับอนุญาต,เมืองบุรีรัมย์,บุรีรัมย์,14.991095,103.015516,,ตรงตามมาตรฐาน,ตรวจปี 2567 แล้ว,2567-11-25 00:00:00,
05520351,ห้างหุ้นส่วนจำกัด พาเจริญ เรดิโอ,มวลชนคนโนนดินแดง,93.75,บริการธุรกิจ,ได้รับอนุญาต,โนนดินแดง,บุรีรัมย์,14.31119,102.747576,,ตรงตามมาตรฐาน,ตรวจปี 2567 แล้ว,2567-12-16 00:00:00,
05520274,ห้างหุ้นส่วนจำกัด อ.อะไหล่กรุ๊ป,DFM,94.0,บริการธุรกิจ,ได้รับอนุญาต,นางรอง,บุรีรัมย์,14.634089,102.784718,,ตรงตามมาตรฐาน,ยังไม่ตรวจ,2567-11-28 00:00:00,
05520365,ห้างหุ้นส่วนจำกัด 99 สตึก มีเดีย กรุ๊ป,วทท. เบสเรดิโอ,94.25,บริการธุรกิจ,ได้รับอนุญาต,สตึก,บุรีรัมย์,15.299646,103.244093,ตรงตามมาตรฐาน,ตรงตามมาตรฐาน,ตรวจปี 2567 แล้ว,-,
05520380,บริษัท น้ำคาวตอง เรดิโอ จำกัด,เสียงจากปะคำ,94.5,บริการธุรกิจ,ได้รับอนุญาต,ปะคำ,บุรีรัมย์,14.448309,102.683323,,ตรงตามมาตรฐาน,ตรวจปี 2567 แล้ว,2567-12-27 00:00:00,
05520326,ห้างหุ้นส่วนจำกัด ตองหนึ่ง เรดิโอ,นิวสเตชั่น,95.5,บริการธุรกิจ,ได้รับอนุญาต,เมืองบุรีรัมย์,บุรีรัมย์,15.005476,103.062348,,ตรงตามมาตรฐาน,ตรวจปี 2567 แล้ว,2567-12-07 00:00:00,
05520382,ห้างหุ้นส่วนจำกัด แกรนด์ แสนสุข,แสนสุข,96.0,บริการธุรกิจ,ได้รับอนุญาต,ละหานทราย,บุรีรัมย์,14.413556,102.85184,ตรงตามมาตรฐาน,ตรงตามมาตรฐาน,ตรวจปี 2567 แล้ว,2567-12-25 00:00:00,
05520356,ห้างหุ้นส่วนจำกัด โปโลพุทไธสง,เรดิโอคนลูกทุ่ง,96.0,บริการธุรกิจ,ได้รับอนุญาต,พุทไธสง,บุรีรัมย์,15.530908,102.999324,ตรงตามมาตรฐาน,ตรงตามมาตรฐาน,ตรวจปี 2567 แล้ว,2567-12-09 00:00:00,
05550008,ห้างหุ้นส่วนจำกัด เคเอส มีเดีย กรุ๊ป,เคเอส เรดิโอ,96.0,บริการธุรกิจ,ได้รับอนุญาต,สตึก,บุรีรัมย์,15.226159,103.190984,ตรงตามมาตรฐาน,ตรงตามมาตรฐาน,ยังไม่ตรวจ,2567-12-27 00:00:00,
05540080,ห้างหุ้นส่วนจำกัด ปฏิวัติ เรดิโอ,คนรักสุขภาพปะคำ,96.25,บริการธุรกิจ,ได้รับอนุญาต,ปะคำ,บุรีรัมย์,14.36659,102.692382,,ตรงตามมาตรฐาน,ตรวจปี 2567 แล้ว,2567-12-20 00:00:00,
05520295,ห้างหุ้นส่วนจำกัด รักถิ่น เรดิโอ,คนรักถิ่น,96.25,บริการธุรกิจ,ได้รับอนุญาต,หนองหงส์,บุรีรัมย์,14.846889,102.684845,ตรงตามมาตรฐาน,ตรงตามมาตรฐาน,ตรวจปี 2567 แล้ว,2567-12-04 00:00:00,
05520284,ห้างหุ้นส่วนจำกัด เอฟ.เอ็ม. อารมณ์ดีบุรีรัมย์,เอฟ.เอ็ม. อารมณ์ดีบุรีรัมย์,97.0,บริการธุรกิจ,ได้รับอนุญาต,เมืองบุรีรัมย์,บุรีรัมย์,14.998281,103.113809,,ตรงตามมาตรฐาน,ตรวจปี 2567 แล้ว,2567-12-23 00:00:00,
05520324,บริษัท ฮันนี่เรดิโอ จำกัด,นางรอง FM,97.25,บริการธุรกิจ,ได้รับอนุญาต,นางรอง,บุรีรัมย์,14.6262,102.79115,ตรงตามมาตรฐาน,ตรงตามมาตรฐาน,ตรวจปี 2567 แล้ว,2567-12-02 00:00:00,
05520364,กลุ่มคนคริสตจักรประโคนชัย,ไลฟ์ เรดิโอ,97.25,บริการชุมชน,ได้รับอนุญาต,ประโคนชัย,บุรีรัมย์,14.622814,103.084994,,ตรงตามมาตรฐาน,ยังไม่ตรวจ,2567-11-25 00:00:00,
05520307,ห้างหุ้นส่วนจำกัด เรดิโอ หรรษา,คลื่นมหาชนคนปะคำ,97.5,บริการธุรกิจ,ได้รับอนุญาต,ปะคำ,บุรีรัมย์,14.436561,102.685814,ตรงตามมาตรฐาน,ตรงตามมาตรฐาน,ตรวจปี 2567 แล้ว,2567-12-03 00:00:00,
05540017,ห้างหุ้นส่วนจำกัด ตะวันออกซุปเปอร์เรดิโอ,ตะวันออกซุปเปอร์เรดิโอ,97.75,บริการธุรกิจ,ได้รับอนุญาต,ลำปลายมาศ,บุรีรัมย์,15.025956,102.833839,ตรงตามมาตรฐาน,ตรงตามมาตรฐาน,ตรวจปี 2567 แล้ว,2567-12-12 00:00:00,
05520278,บริษัท ลูกทุ่งเน็ตเวิร์ก จำกัด,BIG FM ,98.0,บริการธุรกิจ,ได้รับอนุญาต,เมืองบุรีรัมย์,บุรีรัมย์,14.986229,103.116108,ตรงตามมาตรฐาน,ตรงตามมาตรฐาน,ตรวจปี 2567 แล้ว,2567-11-28 00:00:00,
05520358,ห้างหุ้นส่วนจำกัด ก้องฤทธิ์,ลำปลายมาศ,98.5,บริการธุรกิจ,ได้รับอนุญาต,ลำปลายมาศ,บุรีรัมย์,15.02813,102.819887,,ตรงตามมาตรฐาน,ตรวจปี 2567 แล้ว,2567-12-18 00:00:00,
05520341,ห้างหุ้นส่วนจำกัด พีพี เรดิโอ,พีพีเรดิโอ,98.75,บริการธุรกิจ,ได้รับอนุญาต,ละหานทราย,บุรีรัมย์,14.430854,102.852235,ตรงตามมาตรฐาน,ตรงตามมาตรฐาน,ตรวจปี 2567 แล้ว,2567-12-06 00:00:00,
05520374,ห้างหุ้นส่วนจำกัด 99 สตึก มีเดีย กรุ๊ป,สตึก เรดิโอ สเตชั่น,99.0,บริการธุรกิจ,ได้รับอนุญาต,สตึก,บุรีรัมย์,15.276929,103.276517,ตรงตามมาตรฐาน,ตรงตามมาตรฐาน,ตรวจปี 2567 แล้ว,-,
05520287,ห้างหุ้นส่วนจำกัด อ.อะไหล่กรุ๊ป,HOT RADIO,99.0,บริการธุรกิจ,ได้รับอนุญาต,นางรอง,บุรีรัมย์,14.634089,102.784718,,ตรงตามมาตรฐาน,ตรวจปี 2567 แล้ว,2567-11-28 00:00:00,
05520332,วัดหนองบัวทอง,วัดหนองบัวทอง,99.25,บริการสาธารณะ,ได้รับอนุญาต,เมืองบุรีรัมย์,บุรีรัมย์,15.055022,103.158278,ตรงตามมาตรฐาน,ตรงตามมาตรฐาน,ตรวจปี 2567 แล้ว,2567-11-23 00:00:00,
05520334,ห้างหุ้นส่วนจำกัด บุรีรัมย์เวิลด์,บ้านกรวดเวิลด์,99.25,บริการธุรกิจ,ได้รับอนุญาต,บ้านกรวด,บุรีรัมย์,14.389844,103.134384,,ตรงตามมาตรฐาน,ตรวจปี 2567 แล้ว,2567-12-11 00:00:00,
05520360,บริษัท ลูกทุ่งเน็ตเวิร์ก จำกัด,ลูกทุ่งเน็ตเวิร์ก ,100.25,บริการธุรกิจ,ได้รับอนุญาต,เมืองบุรีรัมย์,บุรีรัมย์,14.986229,103.116108,ตรงตามมาตรฐาน,ตรงตามมาตรฐาน,ตรวจปี 2567 แล้ว,2567-11-28 00:00:00,
05520361,ห้างหุ้นส่วนจำกัด ลูกทุ่งแม็กซาโก้(โนนสุวรรณ),ห้างหุ้นส่วนจำกัด ลูกทุ่งแม็กซาโก้ (โนนสุวรรณ),100.5,บริการธุรกิจ,ได้รับอนุญาต,โนนสุวรรณ,บุรีรัมย์,14.569993,102.61723,,ตรงตามมาตรฐาน,ตรวจปี 2567 แล้ว,2567-12-19 00:00:00,
05520383,ห้างหุ้นส่วนจำกัด หินเหล็กไฟ เรดิโอ,หินเหล็กไฟ,101.0,บริการธุรกิจ,ได้รับอนุญาต,คูเมือง,บุรีรัมย์,15.232663,103.053195,ตรงตามมาตรฐาน,ตรงตามมาตรฐาน,ตรวจปี 2567 แล้ว,2567-12-11 00:00:00,
05520286,ห้างหุ้นส่วนจำกัด เค.ที. มีเดีย กรุ๊ป,HOME WAVE,101.0,บริการธุรกิจ,ได้รับอนุญาต,ละหานทราย,บุรีรัมย์,14.439056,102.87938,ตรงตามมาตรฐาน,ตรงตามมาตรฐาน,ยังไม่ตรวจ,2567-12-24 00:00:00,
05520311,ห้างหุ้นส่วนจำกัด ชำนิเรดิโอ,ชำนิ เรดิโอ,101.25,บริการธุรกิจ,ได้รับอนุญาต,ชำนิ,บุรีรัมย์,14.786932,102.818256,ตรงตามมาตรฐาน,ตรงตามมาตรฐาน,ตรวจปี 2567 แล้ว,2567-12-23 00:00:00,
05520355,ห้างหุ้นส่วนจำกัด พญาเมืองพุท,ลูกทุ่งตั้งถาวร,102.0,บริการธุรกิจ,ได้รับอนุญาต,พุทไธสง,บุรีรัมย์,15.54239,103.004431,ตรงตามมาตรฐาน,ตรงตามมาตรฐาน,ตรวจปี 2567 แล้ว,2567-12-23 00:00:00,
05520333,ห้างหุ้นส่วนจำกัด วิทยุบ้านกรวด,บ้านกรวด,102.25,บริการธุรกิจ,ได้รับอนุญาต,บ้านกรวด,บุรีรัมย์,14.389844,103.134384,,ตรงตามมาตรฐาน,ตรวจปี 2567 แล้ว,2567-12-10 00:00:00,
05520375,ห้างหุ้นส่วนจำกัด สยามเรดิโอ 102.25,สยาม เรดิโอ,102.25,บริการธุรกิจ,ได้รับอนุญาต,ลำปลายมาศ,บุรีรัมย์,15.021914,102.82847,ตรงตามมาตรฐาน,ตรงตามมาตรฐาน,ตรวจปี 2567 แล้ว,2567-12-27 00:00:00,
05520277,ห้างหุ้นส่วนจำกัด ลูกทุ่งแม็กซาโก้ (นางรอง),ห้างหุ้นส่วนจำกัด ลูกทุ่งแม็กซาโก้ (นางรอง),102.5,บริการธุรกิจ,ได้รับอนุญาต,นางรอง,บุรีรัมย์,14.659247,102.781083,ตรงตามมาตรฐาน,ตรงตามมาตรฐาน,ตรวจปี 2567 แล้ว,2567-12-19 00:00:00,
05520354,ห้างหุ้นส่วนจำกัด แคนเรดิโอ,แดนเรดิโอ,102.5,บริการธุรกิจ,ได้รับอนุญาต,แคนดง,บุรีรัมย์,15.322417,103.131857,ตรงตามมาตรฐาน,ตรงตามมาตรฐาน,ตรวจปี 2567 แล้ว,2567-12-25 00:00:00,
05520345,วัดกทลิวนาราม,เพื่อพระพุทธศาสนาและสังคม วัดกทลิวนาราม,102.75,บริการสาธารณะ,ได้รับอนุญาต,กระสัง,บุรีรัมย์,14.978434,103.26718,ตรงตามมาตรฐาน,ตรงตามมาตรฐาน,ตรวจปี 2567 แล้ว,2567-11-22 00:00:00,
05520377,มูลนิธิเสียงธรรมเพื่อประชาชน ในพระอุปถัมภ์ สมเด็จพระเจ้าน้องนางเธอ เจ้าฟ้าจุฬาภรณวลัยลักษณ์ อัครราชกุมารี กรมพระศรีสวางควัฒน วรขัตติยราชนารี,เสียงธรรมเพื่อประชาชนฯ วัดป่ากองพระทราย,102.75,บริการสาธารณะ,ได้รับอนุญาต,ปะคำ,บุรีรัมย์,14.413616,102.727621,,,ตรวจปี 2567 แล้ว,2567-11-28 00:00:00,
05520330,วัดบ้านปราสาท,คลื่นบริการสาธารณะเพื่อพระพุทธศาสนา วัดบ้านปราสาท,103.0,บริการสาธารณะ,ได้รับอนุญาต,บ้านด่าน,บุรีรัมย์,15.09854,103.195116,ตรงตามมาตรฐาน,ตรงตามมาตรฐาน,ยังไม่ตรวจ,2567-11-24 00:00:00,
05520379,มูลนิธิเสียงธรรมเพื่อประชาชน ในพระอุปถัมภ์ สมเด็จพระเจ้าน้องนางเธอ เจ้าฟ้าจุฬาภรณวลัยลักษณ์ อัครราชกุมารี กรมพระศรีสวางควัฒน วรขัตติยราชนารี,เสียงธรรมเพื่อประชาชนฯ สำนักสงฆ์บ้านโคกกลาง,103.25,บริการสาธารณะ,ได้รับอนุญาต,ประโคนชัย,บุรีรัมย์,14.622162,103.054239,,,ตรวจปี 2567 แล้ว,2567-11-28 00:00:00,
05520273,ห้างหุ้นส่วนจำกัด เอ็น วาย อี เรดิโอ,Family FM สถานีส่งเสริมสถาบันครอบครัว,103.5,บริการธุรกิจ,ได้รับอนุญาต,ลำปลายมาศ,บุรีรัมย์,15.021457,102.836739,,ตรงตามมาตรฐาน,ตรวจปี 2567 แล้ว,2567-12-25 00:00:00,
05520297,ห้างหุ้นส่วนจำกัด ชิติพันธ์ บันเทิง,คนรักถิ่น,103.5,บริการธุรกิจ,ได้รับอนุญาต,ห้วยราช,บุรีรัมย์,15.100313,103.314798,ตรงตามมาตรฐาน,,ยังไม่ตรวจ,-,
05520353,สมาคมเทียนธรรมสิริ,เมล็ดธรรมราชนครินทร์,103.75,บริการสาธารณะ,ได้รับอนุญาต,เมืองบุรีรัมย์,บุรีรัมย์,15.004809,103.094548,ตรงตามมาตรฐาน,,ตรวจปี 2567 แล้ว,2567-11-30 00:00:00,
05540062,ห้างหุ้นส่วนจำกัด ทองทำมา,คนหนองคูพัฒนา,104.0,บริการธุรกิจ,ได้รับอนุญาต,ลำปลายมาศ,บุรีรัมย์,15.03698,102.85269,,ตรงตามมาตรฐาน,ตรวจปี 2567 แล้ว,2567-12-17 00:00:00,
05520337,วัดท่าสว่าง,พระพุทธศาสนาจังหวัดบุรีรัมย์,104.25,บริการสาธารณะ,ได้รับอนุญาต,กระสัง,บุรีรัมย์,14.933691,103.307006,ตรงตามมาตรฐาน,,ยังไม่ตรวจ,2567-11-14 00:00:00,
05520303,บริษัท บิ๊กสอ เรดิโอ จำกัด,คลื่นคนไทยหัวใจลูกทุ่ง,104.25,บริการธุรกิจ,ได้รับอนุญาต,นางรอง,บุรีรัมย์,14.633878,102.7364,ตรงตามมาตรฐาน,ตรงตามมาตรฐาน,ตรวจปี 2567 แล้ว,-,
05520363,ห้างหุ้นส่วนจำกัด บุรีรัมย์เจริญชัยการโยธา,ชุมเห็ด เรดิโอ,104.5,บริการธุรกิจ,ยกเลิก,เมืองบุรีรัมย์,บุรีรัมย์,15.037872,103.084748,ตรงตามมาตรฐาน,,,,ตามมติ กสทช. 1/2567 ลว 10 ม.ค. 2567
05520294,ห้างหุ้นส่วนจำกัด ภาคภูมิใจเรดิโอ,ภาคภูมิใจเรดิโอ,104.75,บริการธุรกิจ,ยกเลิก,สตึก,บุรีรัมย์,15.299462,103.234022,,,,,ตามมติ กสทช. 9/2567 ลว 24 เม.ย. 2567
05540002,ห้างหุ้นส่วนจำกัด บ้านกรวดเรดิโอ,บ้านกรวด เรดิโอ,105.25,บริการธุรกิจ,ได้รับอนุญาต,บ้านกรวด,บุรีรัมย์,14.457181,103.101846,ตรงตามมาตรฐาน,ตรงตามมาตรฐาน,ตรวจปี 2567 แล้ว,-,
05520342,สำนักงานคณะกรรมการการอาชีวศึกษา,เพื่อการศึกษาและพัฒนาอาชีพ (R-Radio Network) วิทยาลัยเทคนิคนางรอง,105.5,บริการสาธารณะ,ได้รับอนุญาต,นางรอง,บุรีรัมย์,14.642835,102.801041,ตรงตามมาตรฐาน,,ตรวจปี 2567 แล้ว,2567-11-21 00:00:00,
05520318,ห้างหุ้นส่วนจำกัด นางรองสงวนเต็นท์,ท้องถิ่นไทย,105.75,บริการธุรกิจ,ได้รับอนุญาต,นางรอง,บุรีรัมย์,14.645578,102.791078,,ตรงตามมาตรฐาน,ตรวจปี 2567 แล้ว,2567-12-13 00:00:00,
05520281,ห้างหุ้นส่วนจำกัด มะโนบาล มีเดีย กรุ๊ป,มะโนบาล เรดิโอ,105.75,บริการธุรกิจ,ได้รับอนุญาต,แคนดง,บุรีรัมย์,15.329645,103.17455,ตรงตามมาตรฐาน,ตรงตามมาตรฐาน,ตรวจปี 2567 แล้ว,-,
05520336,วัดท่าสว่าง,พระพุทธศาสนาวัดท่าสว่าง,106.0,บริการสาธารณะ,ได้รับอนุญาต,กระสัง,บุรีรัมย์,14.933691,103.307006,ตรงตามมาตรฐาน,,ตรวจปี 2567 แล้ว,2567-11-14 00:00:00,
05520314,ห้างหุ้นส่วนจำกัด สวัสดีลูกทุ่ง,สวัสดีลูกทุ่ง,106.25,บริการธุรกิจ,ได้รับอนุญาต,เมืองบุรีรัมย์,บุรีรัมย์,14.825572,102.994128,ตรงตามมาตรฐาน,ตรงตามมาตรฐาน,ตรวจปี 2567 แล้ว,2567-12-06 00:00:00,
05520322,ห้างหุ้นส่วนจำกัด ลูกทุ่งแม็กซาโก้(พุทไธสง),ลูกทุ่งแม็กซาโก้ (พุทไธสง),106.25,บริการธุรกิจ,ได้รับอนุญาต,พุทไธสง,บุรีรัมย์,15.540641,103.007564,,,ตรวจปี 2567 แล้ว,-,
05520359,สมาคมสมัชชามวลชนเพื่อความมั่นคง,ลำปลายมาศเรดิโอ,106.5,บริการสาธารณะ,ได้รับอนุญาต,ลำปลายมาศ,บุรีรัมย์,15.020596,102.829774,,,ยังไม่ตรวจ,2567-11-09 00:00:00,
05540092,ห้างหุ้นส่วนจำกัด บุรีรัมย์ยูเนี่ยนเอ็นจิเนียริ่ง,สตาร์เรดิโอ,106.75,บริการธุรกิจ,ได้รับอนุญาต,ประโคนชัย,บุรีรัมย์,14.611494,103.11015,ตรงตามมาตรฐาน,ตรงตามมาตรฐาน,ตรวจปี 2567 แล้ว,2567-12-26 00:00:00,
05520331,วัดบ้านปราสาท,คลื่นบริการสาธารณะเพื่อพระพุทธศาสนาวัดบ้านปราสาท,106.75,บริการสาธารณะ,ได้รับอนุญาต,บ้านด่าน,บุรีรัมย์,15.09854,103.195116,ตรงตามมาตรฐาน,ตรงตามมาตรฐาน,ยังไม่ตรวจ,2567-11-24 00:00:00,
05520343,สำนักงานคณะกรรมการการอาชีวศึกษา,เพื่อการศึกษาและพัฒนาอาชีพ (R-Radio Network) วิทยาลัยเทคนิคคูเมือง,107.0,บริการสาธารณะ,ได้รับอนุญาต,คูเมือง,บุรีรัมย์,15.258127,103.003911,ตรงตามมาตรฐาน,ตรงตามมาตรฐาน,ตรวจปี 2567 แล้ว,2567-11-21 00:00:00,
05520299,กลุ่มคนคนรักวัด,วิทยุชุมชนคนรักวัด,107.75,บริการชุมชน,ได้รับอนุญาต,หนองหงส์,บุรีรัมย์,14.85157,102.677654,,ตรงตามมาตรฐาน,ตรวจปี 2567 แล้ว,2567-11-11 00:00:00,
